firstname,surname,born_country_code,died_country_code,gender,year,category,share,name_of_university,city_of_university,country_of_university,born_month,age,age_get_prize,full name
Wilhelm Conrad,Röntgen,DE,DE,male,1901,physics,1,Munich University,Munich,Germany,Mar,78,56,Wilhelm Conrad Röntgen
Hendrik A.,Lorentz,NL,NL,male,1902,physics,2,Leiden University,Leiden,the Netherlands,Jul,75,49,Hendrik A. Lorentz
Pieter,Zeeman,NL,NL,male,1902,physics,2,Amsterdam University,Amsterdam,the Netherlands,May,78,37,Pieter Zeeman
Henri,Becquerel,FR,FR,male,1903,physics,2,École Polytechnique,Paris,France,Dec,56,51,Henri Becquerel
Pierre,Curie,FR,FR,male,1903,physics,4,École municipale de physique et de chimie industrielles (Municipal School of Industrial Physics and Chemistry),Paris,France,May,47,44,Pierre Curie
Marie,Curie,PL,FR,female,1903,physics,4,,,,Nov,67,36,Marie Curie
Marie,Curie,PL,FR,female,1911,chemistry,1,Sorbonne University,Paris,France,Nov,67,44,Marie Curie
Lord,Rayleigh,GB,GB,male,1904,physics,1,Royal Institution of Great Britain,London,United Kingdom,Nov,77,62,Lord Rayleigh
Philipp,Lenard,SK,DE,male,1905,physics,1,Kiel University,Kiel,Germany,Jun,85,43,Philipp Lenard
J.J.,Thomson,GB,GB,male,1906,physics,1,University of Cambridge,Cambridge,United Kingdom,Dec,84,50,J.J. Thomson
Albert A.,Michelson,PL,US,male,1907,physics,1,University of Chicago,Chicago IL,USA,Dec,79,55,Albert A. Michelson
Gabriel,Lippmann,LU,,male,1908,physics,1,Sorbonne University,Paris,France,Aug,76,63,Gabriel Lippmann
Guglielmo,Marconi,IT,IT,male,1909,physics,2,Marconi Wireless Telegraph Co. Ltd.,London,United Kingdom,Apr,63,35,Guglielmo Marconi
Ferdinand,Braun,DE,US,male,1909,physics,2,Strasbourg University,Strasbourg,Germany (now France),Jun,68,59,Ferdinand Braun
Johannes Diderik,van der Waals,NL,NL,male,1910,physics,1,Amsterdam University,Amsterdam,the Netherlands,Nov,86,73,Johannes Diderik van der Waals
Wilhelm,Wien,RU,DE,male,1911,physics,1,Würzburg University,Würzburg,Germany,Jan,64,47,Wilhelm Wien
Gustaf,Dalén,SE,SE,male,1912,physics,1,Swedish Gas-Accumulator Co.,Lidingö Stockholm,Sweden,Nov,68,43,Gustaf Dalén
Heike,Kamerlingh Onnes,NL,NL,male,1913,physics,1,Leiden University,Leiden,the Netherlands,Sep,73,60,Heike Kamerlingh Onnes
Max,von Laue,DE,DE,male,1914,physics,1,Frankfurt-on-the-Main University,Frankfurt-on-the-Main,Germany,Oct,81,35,Max von Laue
William,Bragg,GB,GB,male,1915,physics,2,University College,London,United Kingdom,Jul,80,53,William Bragg
Lawrence,Bragg,AU,GB,male,1915,physics,2,Victoria University,Manchester,United Kingdom,Mar,81,25,Lawrence Bragg
Charles Glover,Barkla,GB,GB,male,1917,physics,1,Edinburgh University,Edinburgh,United Kingdom,Jun,67,40,Charles Glover Barkla
Max,Planck,DE,DE,male,1918,physics,1,Berlin University,Berlin,Germany,Apr,89,60,Max Planck
Johannes,Stark,DE,DE,male,1919,physics,1,Greifswald University,Greifswald,Germany,Apr,83,45,Johannes Stark
Charles Edouard,Guillaume,CH,FR,male,1920,physics,1,Bureau International des Poids et Mesures (International Bureau of Weights and Measures),Sèvres,France,Feb,77,59,Charles Edouard Guillaume
Albert,Einstein,DE,US,male,1921,physics,1,Kaiser-Wilhelm-Institut (now Max-Planck-Institut) für Physik,Berlin,Germany,Mar,76,42,Albert Einstein
Niels,Bohr,DK,DK,male,1922,physics,1,Copenhagen University,Copenhagen,Denmark,Oct,77,37,Niels Bohr
Robert A.,Millikan,US,US,male,1923,physics,1,California Institute of Technology (Caltech),Pasadena CA,USA,Mar,85,55,Robert A. Millikan
Manne,Siegbahn,SE,SE,male,1924,physics,1,Uppsala University,Uppsala,Sweden,Dec,92,38,Manne Siegbahn
James,Franck,DE,DE,male,1925,physics,2,Goettingen University,Göttingen,Germany,Aug,82,43,James Franck
Gustav,Hertz,DE,DE,male,1925,physics,2,Halle University,Halle,Germany,Jul,88,38,Gustav Hertz
Jean Baptiste,Perrin,FR,US,male,1926,physics,1,Sorbonne University,Paris,France,Sep,72,56,Jean Baptiste Perrin
Arthur H.,Compton,US,US,male,1927,physics,2,University of Chicago,Chicago IL,USA,Sep,70,35,Arthur H. Compton
C.T.R.,Wilson,GB,GB,male,1927,physics,2,University of Cambridge,Cambridge,United Kingdom,Feb,90,58,C.T.R. Wilson
Owen Willans,Richardson,GB,GB,male,1928,physics,1,London University,London,United Kingdom,Apr,80,49,Owen Willans Richardson
Louis,de Broglie,FR,FR,male,1929,physics,1,Sorbonne University Institut Henri Poincaré,Paris,France,Aug,95,37,Louis de Broglie
Sir Chandrasekhara Venkata,Raman,IN,IN,male,1930,physics,1,Calcutta University,Calcutta,India,Nov,82,42,Sir Chandrasekhara Venkata Raman
Werner,Heisenberg,DE,DE,male,1932,physics,1,Leipzig University,Leipzig,Germany,Dec,75,31,Werner Heisenberg
Erwin,Schrödinger,AT,AT,male,1933,physics,2,Berlin University,Berlin,Germany,Aug,74,46,Erwin Schrödinger
Paul A.M.,Dirac,GB,US,male,1933,physics,2,University of Cambridge,Cambridge,United Kingdom,Aug,82,31,Paul A.M. Dirac
James,Chadwick,GB,GB,male,1935,physics,1,Liverpool University,Liverpool,United Kingdom,Oct,83,44,James Chadwick
Victor F.,Hess,AT,US,male,1936,physics,2,Innsbruck University,Innsbruck,Austria,Jun,81,53,Victor F. Hess
Carl D.,Anderson,US,US,male,1936,physics,2,California Institute of Technology (Caltech),Pasadena CA,USA,Sep,86,31,Carl D. Anderson
Clinton,Davisson,US,US,male,1937,physics,2,Bell Telephone Laboratories,New York NY,USA,Oct,77,56,Clinton Davisson
George Paget,Thomson,GB,GB,male,1937,physics,2,London University,London,United Kingdom,May,83,45,George Paget Thomson
Enrico,Fermi,IT,US,male,1938,physics,1,Rome University,Rome,Italy,Sep,53,37,Enrico Fermi
Ernest,Lawrence,US,US,male,1939,physics,1,University of California,Berkeley CA,USA,Aug,57,38,Ernest Lawrence
Otto,Stern,PL,US,male,1943,physics,1,Carnegie Institute of Technology,Pittsburgh PA,USA,Feb,81,55,Otto Stern
Isidor Isaac,Rabi,PL,US,male,1944,physics,1,Columbia University,New York NY,USA,Jul,90,46,Isidor Isaac Rabi
Wolfgang,Pauli,AT,CH,male,1945,physics,1,Princeton University,Princeton NJ,USA,Apr,58,45,Wolfgang Pauli
Percy W.,Bridgman,US,US,male,1946,physics,1,Harvard University,Cambridge MA,USA,Apr,79,64,Percy W. Bridgman
Edward V.,Appleton,GB,GB,male,1947,physics,1,Department of Scientific and Industrial Research,London,United Kingdom,Sep,73,55,Edward V. Appleton
Patrick M.S.,Blackett,GB,GB,male,1948,physics,1,Victoria University,Manchester,United Kingdom,Nov,77,51,Patrick M.S. Blackett
Hideki,Yukawa,JP,JP,male,1949,physics,1,Kyoto Imperial University,Kyoto,Japan,Jan,74,42,Hideki Yukawa
Cecil,Powell,GB,IT,male,1950,physics,1,Bristol University,Bristol,United Kingdom,Dec,66,47,Cecil Powell
John,Cockcroft,GB,GB,male,1951,physics,2,Atomic Energy Research Establishment,Harwell Berkshire,United Kingdom,May,70,54,John Cockcroft
Ernest T.S.,Walton,IE,GB,male,1951,physics,2,Trinity College,Dublin,Ireland,Oct,92,48,Ernest T.S. Walton
Felix,Bloch,CH,CH,male,1952,physics,2,Stanford University,Stanford CA,USA,Oct,78,47,Felix Bloch
E. M.,Purcell,US,US,male,1952,physics,2,Harvard University,Cambridge MA,USA,Aug,85,40,E. M. Purcell
Frits,Zernike,NL,NL,male,1953,physics,1,Groningen University,Groningen,the Netherlands,Jul,78,65,Frits Zernike
Max,Born,PL,DE,male,1954,physics,2,Edinburgh University,Edinburgh,United Kingdom,Dec,88,72,Max Born
Walther,Bothe,DE,DE,male,1954,physics,2,University of Heidelberg,Heidelberg,Germany,Jan,66,63,Walther Bothe
Willis E.,Lamb,US,US,male,1955,physics,2,Stanford University,Stanford CA,USA,Jul,95,42,Willis E. Lamb
Polykarp,Kusch,DE,US,male,1955,physics,2,Columbia University,New York NY,USA,Jan,82,44,Polykarp Kusch
William B.,Shockley,GB,US,male,1956,physics,3,Semiconductor Laboratory of Beckman Instruments Inc.,Mountain View CA,USA,Feb,79,46,William B. Shockley
John,Bardeen,US,US,male,1956,physics,3,University of Illinois,Urbana IL,USA,May,83,48,John Bardeen
John,Bardeen,US,US,male,1972,physics,3,University of Illinois,Urbana IL,USA,May,83,64,John Bardeen
Walter H.,Brattain,CN,US,male,1956,physics,3,Bell Telephone Laboratories,Murray Hill NJ,USA,Feb,85,54,Walter H. Brattain
Chen Ning,Yang,CN,,male,1957,physics,2,Institute for Advanced Study,Princeton NJ,USA,Sep,98,35,Chen Ning Yang
Tsung-Dao,Lee,CN,,male,1957,physics,2,Columbia University,New York NY,USA,Nov,94,31,Tsung-Dao Lee
Pavel A.,Cherenkov,RU,RU,male,1958,physics,3,P.N. Lebedev Physical Institute,Moscow,USSR (now Russia),Jul,86,54,Pavel A. Cherenkov
Igor Y.,Tamm,RU,RU,male,1958,physics,3,Lomonosov Moscow State University,Moscow,USSR (now Russia),Jul,76,63,Igor Y. Tamm
Emilio,Segrè,IT,US,male,1959,physics,2,University of California,Berkeley CA,USA,Feb,84,54,Emilio Segrè
Owen,Chamberlain,US,US,male,1959,physics,2,University of California,Berkeley CA,USA,Jul,86,39,Owen Chamberlain
Donald A.,Glaser,US,US,male,1960,physics,1,University of California,Berkeley CA,USA,Sep,87,34,Donald A. Glaser
Robert,Hofstadter,US,US,male,1961,physics,2,Stanford University,Stanford CA,USA,Feb,75,46,Robert Hofstadter
Rudolf,Mössbauer,DE,,male,1961,physics,2,Technical University,Munich,Germany,Jan,82,32,Rudolf Mössbauer
Lev,Landau,AZ,RU,male,1962,physics,1,Academy of Sciences,Moscow,USSR (now Russia),Jan,60,54,Lev Landau
Eugene,Wigner,HU,US,male,1963,physics,2,Princeton University,Princeton NJ,USA,Nov,93,61,Eugene Wigner
Maria,Goeppert Mayer,PL,US,female,1963,physics,4,University of California,San Diego CA,USA,Jun,66,57,Maria Goeppert Mayer
J. Hans D.,Jensen,DE,DE,male,1963,physics,4,University of Heidelberg,Heidelberg,Germany,Jun,66,56,J. Hans D. Jensen
Charles H.,Townes,US,US,male,1964,physics,2,Massachusetts Institute of Technology (MIT),Cambridge MA,USA,Jul,100,49,Charles H. Townes
Nicolay G.,Basov,RU,RU,male,1964,physics,4,P.N. Lebedev Physical Institute,Moscow,USSR (now Russia),Dec,79,42,Nicolay G. Basov
Aleksandr M.,Prokhorov,AU,RU,male,1964,physics,4,P.N. Lebedev Physical Institute,Moscow,USSR (now Russia),Jul,86,48,Aleksandr M. Prokhorov
Sin-Itiro,Tomonaga,JP,JP,male,1965,physics,3,Tokyo University of Education,Tokyo,Japan,Mar,73,59,Sin-Itiro Tomonaga
Julian,Schwinger,US,US,male,1965,physics,3,Harvard University,Cambridge MA,USA,Feb,76,47,Julian Schwinger
Richard P.,Feynman,US,US,male,1965,physics,3,California Institute of Technology (Caltech),Pasadena CA,USA,May,70,47,Richard P. Feynman
Alfred,Kastler,FR,FR,male,1966,physics,1,École Normale Supérieure,Paris,France,May,82,64,Alfred Kastler
Hans,Bethe,FR,US,male,1967,physics,1,Cornell University,Ithaca NY,USA,Jul,99,61,Hans Bethe
Luis,Alvarez,US,US,male,1968,physics,1,University of California,Berkeley CA,USA,Jun,77,57,Luis Alvarez
Murray,Gell-Mann,US,US,male,1969,physics,1,California Institute of Technology (Caltech),Pasadena CA,USA,Sep,90,40,Murray Gell-Mann
Hannes,Alfvén,SE,SE,male,1970,physics,2,Royal Institute of Technology,Stockholm,Sweden,May,87,62,Hannes Alfvén
Louis,Néel,FR,FR,male,1970,physics,2,University of Grenoble,Grenoble,France,Nov,96,66,Louis Néel
Dennis,Gabor,HU,GB,male,1971,physics,1,Imperial College,London,United Kingdom,Jun,79,71,Dennis Gabor
Leon N.,Cooper,US,,male,1972,physics,3,Brown University,Providence RI,USA,Feb,90,42,Leon N. Cooper
Robert,Schrieffer,US,US,male,1972,physics,3,University of Pennsylvania,Philadelphia PA,USA,May,88,41,Robert Schrieffer
Leo,Esaki,JP,,male,1973,physics,4,IBM Thomas J. Watson Research Center,Yorktown Heights NY,USA,Mar,95,48,Leo Esaki
Ivar,Giaever,NO,,male,1973,physics,4,General Electric Company,Schenectady NY,USA,Apr,91,44,Ivar Giaever
Brian D.,Josephson,GB,,male,1973,physics,2,University of Cambridge,Cambridge,United Kingdom,Jan,80,33,Brian D. Josephson
Martin,Ryle,GB,GB,male,1974,physics,2,University of Cambridge,Cambridge,United Kingdom,Sep,66,56,Martin Ryle
Antony,Hewish,GB,,male,1974,physics,2,University of Cambridge,Cambridge,United Kingdom,May,96,50,Antony Hewish
Aage N.,Bohr,DK,DK,male,1975,physics,3,Niels Bohr Institute,Copenhagen,Denmark,Jun,87,53,Aage N. Bohr
Ben R.,Mottelson,US,,male,1975,physics,3,Nordita,Copenhagen,Denmark,Jul,94,49,Ben R. Mottelson
James,Rainwater,US,US,male,1975,physics,3,Columbia University,New York NY,USA,Dec,69,58,James Rainwater
Burton,Richter,US,US,male,1976,physics,2,Stanford Linear Accelerator Center,Stanford CA,USA,Mar,87,45,Burton Richter
Samuel C.C.,Ting,US,,male,1976,physics,2,Massachusetts Institute of Technology (MIT),Cambridge MA,USA,Jan,84,40,Samuel C.C. Ting
Philip W.,Anderson,US,US,male,1977,physics,3,Bell Telephone Laboratories,Murray Hill NJ,USA,Dec,97,54,Philip W. Anderson
Sir Nevill F.,Mott,GB,GB,male,1977,physics,3,University of Cambridge,Cambridge,United Kingdom,Sep,91,72,Sir Nevill F. Mott
John H.,van Vleck,US,US,male,1977,physics,3,Harvard University,Cambridge MA,USA,Mar,81,78,John H. van Vleck
Pyotr,Kapitsa,RU,RU,male,1978,physics,2,Academy of Sciences,Moscow,USSR (now Russia),Jul,90,84,Pyotr Kapitsa
Arno,Penzias,DE,,male,1978,physics,4,Bell Laboratories,Holmdel NJ,USA,Apr,87,45,Arno Penzias
Robert Woodrow,Wilson,US,,male,1978,physics,4,Bell Laboratories,Holmdel NJ,USA,Jan,84,42,Robert Woodrow Wilson
Sheldon,Glashow,US,,male,1979,physics,3,Harvard University Lyman Laboratory,Cambridge MA,USA,Dec,88,47,Sheldon Glashow
Abdus,Salam,PK,GB,male,1979,physics,3,International Centre for Theoretical Physics,Trieste,Italy,Jan,70,53,Abdus Salam
Steven,Weinberg,US,,male,1979,physics,3,Harvard University,Cambridge MA,USA,May,87,46,Steven Weinberg
James,Cronin,US,US,male,1980,physics,2,University of Chicago,Chicago IL,USA,Sep,85,49,James Cronin
Val,Fitch,US,US,male,1980,physics,2,Princeton University,Princeton NJ,USA,Mar,92,57,Val Fitch
Nicolaas,Bloembergen,NL,US,male,1981,physics,4,Harvard University,Cambridge MA,USA,Mar,97,61,Nicolaas Bloembergen
Arthur L.,Schawlow,US,US,male,1981,physics,4,Stanford University,Stanford CA,USA,May,78,60,Arthur L. Schawlow
Kai M.,Siegbahn,SE,SE,male,1981,physics,2,Uppsala University,Uppsala,Sweden,Apr,89,63,Kai M. Siegbahn
Kenneth G.,Wilson,US,US,male,1982,physics,1,Cornell University,Ithaca NY,USA,Jun,77,46,Kenneth G. Wilson
Subramanyan,Chandrasekhar,PK,US,male,1983,physics,2,University of Chicago,Chicago IL,USA,Oct,85,73,Subramanyan Chandrasekhar
William A.,Fowler,US,US,male,1983,physics,2,California Institute of Technology (Caltech),Pasadena CA,USA,Aug,84,72,William A. Fowler
Carlo,Rubbia,IT,,male,1984,physics,2,CERN,Geneva,Switzerland,Mar,86,50,Carlo Rubbia
Simon,van der Meer,NL,CH,male,1984,physics,2,CERN,Geneva,Switzerland,Nov,86,59,Simon van der Meer
Klaus,von Klitzing,PL,,male,1985,physics,1,Max-Planck-Institut für Festkörperforschung,Stuttgart,Germany,Jun,77,42,Klaus von Klitzing
Ernst,Ruska,DE,DE,male,1986,physics,2,Fritz-Haber-Institut der Max-Planck-Gesellschaft,Berlin,Germany,Dec,82,80,Ernst Ruska
Gerd,Binnig,DE,,male,1986,physics,4,IBM Zurich Research Laboratory,Rüschlikon,Switzerland,Jul,73,39,Gerd Binnig
Heinrich,Rohrer,CH,CH,male,1986,physics,4,IBM Zurich Research Laboratory,Rüschlikon,Switzerland,Jun,80,53,Heinrich Rohrer
J. Georg,Bednorz,DE,,male,1987,physics,2,IBM Zurich Research Laboratory,Rüschlikon,Switzerland,May,70,37,J. Georg Bednorz
K. Alex,Müller,CH,,male,1987,physics,2,IBM Zurich Research Laboratory,Rüschlikon,Switzerland,Apr,93,60,K. Alex Müller
Leon M.,Lederman,US,US,male,1988,physics,3,Fermi National Accelerator Laboratory,Batavia IL,USA,Jul,96,66,Leon M. Lederman
Melvin,Schwartz,US,US,male,1988,physics,3,Digital Pathways Inc.,Mountain View CA,USA,Nov,74,56,Melvin Schwartz
Jack,Steinberger,DE,,male,1988,physics,3,CERN,Geneva,Switzerland,May,99,67,Jack Steinberger
Norman F.,Ramsey,US,US,male,1989,physics,2,Harvard University,Cambridge MA,USA,Aug,96,74,Norman F. Ramsey
Hans G.,Dehmelt,DE,US,male,1989,physics,4,University of Washington,Seattle WA,USA,Sep,95,67,Hans G. Dehmelt
Wolfgang,Paul,DE,DE,male,1989,physics,4,University of Bonn,Bonn,Germany,Aug,80,76,Wolfgang Paul
Jerome I.,Friedman,US,,male,1990,physics,3,Massachusetts Institute of Technology (MIT),Cambridge MA,USA,Mar,90,60,Jerome I. Friedman
Henry W.,Kendall,US,US,male,1990,physics,3,Massachusetts Institute of Technology (MIT),Cambridge MA,USA,Dec,73,64,Henry W. Kendall
Richard E.,Taylor,CA,US,male,1990,physics,3,Stanford University,Stanford CA,USA,Nov,89,61,Richard E. Taylor
Pierre-Gilles,de Gennes,FR,FR,male,1991,physics,1,Collège de France,Paris,France,Oct,75,59,Pierre-Gilles de Gennes
Georges,Charpak,PL,FR,male,1992,physics,1,École Supérieure de Physique et Chimie,Paris,France,Aug,86,68,Georges Charpak
Russell A.,Hulse,US,,male,1993,physics,2,Princeton University,Princeton NJ,USA,Nov,70,43,Russell A. Hulse
Joseph H.,Taylor Jr.,US,,male,1993,physics,2,Princeton University,Princeton NJ,USA,Mar,79,52,Joseph H. Taylor Jr.
Bertram N.,Brockhouse,CA,CA,male,1994,physics,2,McMaster University,Hamilton Ontario,Canada,Jul,85,76,Bertram N. Brockhouse
Clifford G.,Shull,US,US,male,1994,physics,2,Massachusetts Institute of Technology (MIT),Cambridge MA,USA,Sep,86,79,Clifford G. Shull
Martin L.,Perl,US,US,male,1995,physics,2,Stanford University,Stanford CA,USA,Jun,87,68,Martin L. Perl
Frederick,Reines,US,US,male,1995,physics,2,University of California,Irvine CA,USA,Mar,80,77,Frederick Reines
David M.,Lee,US,,male,1996,physics,3,Cornell University,Ithaca NY,USA,Jan,89,65,David M. Lee
Douglas D.,Osheroff,US,,male,1996,physics,3,Stanford University,Stanford CA,USA,Aug,75,51,Douglas D. Osheroff
Robert C.,Richardson,US,US,male,1996,physics,3,Cornell University,Ithaca NY,USA,Jun,76,59,Robert C. Richardson
Steven,Chu,US,,male,1997,physics,3,Stanford University,Stanford CA,USA,Feb,72,49,Steven Chu
Claude,Cohen-Tannoudji,DZ,,male,1997,physics,3,Collège de France,Paris,France,Apr,87,64,Claude Cohen-Tannoudji
William D.,Phillips,US,,male,1997,physics,3,National Institute of Standards and Technology,Gaithersburg MD,USA,Nov,72,49,William D. Phillips
Robert B.,Laughlin,US,,male,1998,physics,3,Stanford University,Stanford CA,USA,Nov,70,48,Robert B. Laughlin
Horst L.,Störmer,DE,,male,1998,physics,3,Columbia University,New York NY,USA,Apr,71,49,Horst L. Störmer
Daniel C.,Tsui,CN,,male,1998,physics,3,Princeton University,Princeton NJ,USA,Feb,81,59,Daniel C. Tsui
Gerardus,'t Hooft,NL,,male,1999,physics,2,Utrecht University,Utrecht,the Netherlands,Jul,74,53,Gerardus 't Hooft
Martinus J.G.,Veltman,NL,,male,1999,physics,2,,,,Jun,89,68,Martinus J.G. Veltman
Jacobus H.,van 't Hoff,NL,DE,male,1901,chemistry,1,Berlin University,Berlin,Germany,Aug,59,49,Jacobus H. van 't Hoff
Emil,Fischer,DE,DE,male,1902,chemistry,1,Berlin University,Berlin,Germany,Oct,67,50,Emil Fischer
Svante,Arrhenius,SE,SE,male,1903,chemistry,1,Stockholm University,Stockholm,Sweden,Feb,68,44,Svante Arrhenius
Sir William,Ramsay,GB,GB,male,1904,chemistry,1,University College,London,United Kingdom,Oct,64,52,Sir William Ramsay
Adolf,von Baeyer,DE,DE,male,1905,chemistry,1,Munich University,Munich,Germany,Oct,82,70,Adolf von Baeyer
Henri,Moissan,FR,FR,male,1906,chemistry,1,Sorbonne University,Paris,France,Sep,55,54,Henri Moissan
Eduard,Buchner,DE,RO,male,1907,chemistry,1,Landwirtschaftliche Hochschule (Agricultural College),Berlin,Germany,May,57,47,Eduard Buchner
Ernest,Rutherford,NZ,GB,male,1908,chemistry,1,Victoria University,Manchester,United Kingdom,Aug,66,37,Ernest Rutherford
Wilhelm,Ostwald,LV,DE,male,1909,chemistry,1,Leipzig University,Leipzig,Germany,Sep,79,56,Wilhelm Ostwald
Otto,Wallach,RU,DE,male,1910,chemistry,1,Goettingen University,Göttingen,Germany,Mar,84,63,Otto Wallach
Victor,Grignard,FR,FR,male,1912,chemistry,2,Nancy University,Nancy,France,May,64,41,Victor Grignard
Paul,Sabatier,FR,FR,male,1912,chemistry,2,Toulouse University,Toulouse,France,Nov,87,58,Paul Sabatier
Alfred,Werner,FR,CH,male,1913,chemistry,1,University of Zurich,Zurich,Switzerland,Dec,53,47,Alfred Werner
Theodore W.,Richards,US,US,male,1914,chemistry,1,Harvard University,Cambridge MA,USA,Jan,60,46,Theodore W. Richards
Richard,Willstätter,DE,CH,male,1915,chemistry,1,Munich University,Munich,Germany,Aug,70,43,Richard Willstätter
Fritz,Haber,PL,CH,male,1918,chemistry,1,Kaiser-Wilhelm-Institut (now Fritz-Haber-Institut) für physikalische Chemie und Electrochemie,Berlin-Dahlem,Germany,Dec,66,50,Fritz Haber
Walther,Nernst,DE,DE,male,1920,chemistry,1,Berlin University,Berlin,Germany,Jun,77,56,Walther Nernst
Frederick,Soddy,GB,GB,male,1921,chemistry,1,University of Oxford,Oxford,United Kingdom,Sep,79,44,Frederick Soddy
Francis W.,Aston,GB,GB,male,1922,chemistry,1,University of Cambridge,Cambridge,United Kingdom,Sep,68,45,Francis W. Aston
Fritz,Pregl,SI,AT,male,1923,chemistry,1,Graz University,Graz,Austria,Sep,61,54,Fritz Pregl
Richard,Zsigmondy,AT,DE,male,1925,chemistry,1,Goettingen University,Göttingen,Germany,Apr,64,60,Richard Zsigmondy
The,Svedberg,SE,SE,male,1926,chemistry,1,Uppsala University,Uppsala,Sweden,Aug,87,42,The Svedberg
Heinrich,Wieland,DE,DE,male,1927,chemistry,1,Munich University,Munich,Germany,Jun,80,50,Heinrich Wieland
Adolf,Windaus,DE,DE,male,1928,chemistry,1,Goettingen University,Göttingen,Germany,Dec,83,52,Adolf Windaus
Arthur,Harden,GB,GB,male,1929,chemistry,2,London University,London,United Kingdom,Oct,75,64,Arthur Harden
Hans,von Euler-Chelpin,DE,SE,male,1929,chemistry,2,Stockholm University,Stockholm,Sweden,Feb,91,56,Hans von Euler-Chelpin
Hans,Fischer,DE,DE,male,1930,chemistry,1,Technische Hochschule (Institute of Technology),Munich,Germany,Jul,64,49,Hans Fischer
Carl,Bosch,DE,DE,male,1931,chemistry,2,University of Heidelberg,Heidelberg,Germany,Aug,66,57,Carl Bosch
Friedrich,Bergius,PL,AR,male,1931,chemistry,2,University of Heidelberg,Heidelberg,Germany,Oct,65,47,Friedrich Bergius
Irving,Langmuir,US,US,male,1932,chemistry,1,General Electric Company,Schenectady NY,USA,Jan,76,51,Irving Langmuir
Harold C.,Urey,US,US,male,1934,chemistry,1,Columbia University,New York NY,USA,Apr,88,41,Harold C. Urey
Frédéric,Joliot,FR,FR,male,1935,chemistry,2,Institut du Radium,Paris,France,Mar,58,35,Frédéric Joliot
Irène,Joliot-Curie,FR,FR,female,1935,chemistry,2,Institut du Radium,Paris,France,Sep,59,38,Irène Joliot-Curie
Peter,Debye,NL,US,male,1936,chemistry,1,Berlin University,Berlin,Germany,Mar,82,52,Peter Debye
Norman,Haworth,GB,GB,male,1937,chemistry,2,Birmingham University,Birmingham,United Kingdom,Mar,67,54,Norman Haworth
Paul,Karrer,RU,CH,male,1937,chemistry,2,University of Zurich,Zurich,Switzerland,Apr,82,48,Paul Karrer
Richard,Kuhn,AT,DE,male,1938,chemistry,1,Kaiser-Wilhelm-Institut (now Max-Planck Institut) für Medizinische Forschung,Heidelberg,Germany,Dec,67,38,Richard Kuhn
Adolf,Butenandt,DE,DE,male,1939,chemistry,2,Kaiser-Wilhelm-Institut (now Max-Planck-Institut) für Biochemie,Berlin-Dahlem,Germany,Mar,92,36,Adolf Butenandt
Leopold,Ruzicka,HR,CH,male,1939,chemistry,2,Eidgenössische Technische Hochschule (Swiss Federal Institute of Technology),Zurich,Switzerland,Sep,89,52,Leopold Ruzicka
George,de Hevesy,HU,DE,male,1943,chemistry,1,Stockholm University,Stockholm,Sweden,Aug,81,58,George de Hevesy
Otto,Hahn,DE,DE,male,1944,chemistry,1,Kaiser-Wilhelm-Institut (now Max-Planck Institut) für Chemie,Berlin-Dahlem,Germany,Mar,89,65,Otto Hahn
Artturi,Virtanen,FI,FI,male,1945,chemistry,1,University of Helsinki,Helsinki,Finland,Jan,78,50,Artturi Virtanen
James B.,Sumner,US,US,male,1946,chemistry,2,Cornell University,Ithaca NY,USA,Nov,68,59,James B. Sumner
John H.,Northrop,US,US,male,1946,chemistry,4,Rockefeller Institute for Medical Research,Princeton NJ,USA,Jul,96,55,John H. Northrop
Wendell M.,Stanley,US,ES,male,1946,chemistry,4,Rockefeller Institute for Medical Research,Princeton NJ,USA,Aug,67,42,Wendell M. Stanley
Sir Robert,Robinson,GB,GB,male,1947,chemistry,1,University of Oxford,Oxford,United Kingdom,Sep,89,61,Sir Robert Robinson
Arne,Tiselius,SE,SE,male,1948,chemistry,1,Uppsala University,Uppsala,Sweden,Aug,69,46,Arne Tiselius
William F.,Giauque,CA,US,male,1949,chemistry,1,University of California,Berkeley CA,USA,May,87,54,William F. Giauque
Otto,Diels,DE,DE,male,1950,chemistry,2,Kiel University,Kiel,Germany,Jan,78,74,Otto Diels
Kurt,Alder,PL,DE,male,1950,chemistry,2,Cologne University,Cologne,Germany,Jul,56,48,Kurt Alder
Edwin M.,McMillan,US,US,male,1951,chemistry,2,University of California,Berkeley CA,USA,Sep,84,44,Edwin M. McMillan
Glenn T.,Seaborg,US,US,male,1951,chemistry,2,University of California,Berkeley CA,USA,Apr,87,39,Glenn T. Seaborg
Archer J.P.,Martin,GB,GB,male,1952,chemistry,2,National Institute for Medical Research,London,United Kingdom,Mar,92,42,Archer J.P. Martin
Richard L.M.,Synge,GB,GB,male,1952,chemistry,2,Rowett Research Institute,Bucksburn (Scotland),United Kingdom,Oct,80,38,Richard L.M. Synge
Hermann,Staudinger,DE,DE,male,1953,chemistry,1,University of Freiburg,Breisgau,Germany,Mar,84,72,Hermann Staudinger
Linus,Pauling,US,US,male,1962,peace,1,California Institute of Technology (Caltech),Pasadena CA,USA,Feb,93,61,Linus Pauling
Linus,Pauling,US,US,male,1954,chemistry,1,California Institute of Technology (Caltech),Pasadena CA,USA,Feb,93,53,Linus Pauling
Vincent,du Vigneaud,US,US,male,1955,chemistry,1,Cornell University,Ithaca NY,USA,May,77,54,Vincent du Vigneaud
Sir Cyril,Hinshelwood,GB,GB,male,1956,chemistry,2,University of Oxford,Oxford,United Kingdom,May,70,59,Sir Cyril Hinshelwood
Nikolay,Semenov,RU,RU,male,1956,chemistry,2,Institute for Chemical Physics of the Academy of Sciences of the USSR,Moscow,USSR (now Russia),Apr,90,60,Nikolay Semenov
Lord,Todd,GB,GB,male,1957,chemistry,1,University of Cambridge,Cambridge,United Kingdom,Oct,90,50,Lord Todd
Frederick,Sanger,GB,GB,male,1958,chemistry,1,University of Cambridge,Cambridge,United Kingdom,Aug,95,40,Frederick Sanger
Frederick,Sanger,GB,GB,male,1980,chemistry,4,MRC Laboratory of Molecular Biology,Cambridge,United Kingdom,Aug,95,62,Frederick Sanger
Jaroslav,Heyrovsky,CZ,CZ,male,1959,chemistry,1,Polarographic Institute of the Czechoslovak Academy of Science,Prague,Czechoslovakia (now Czech Republic),Dec,77,69,Jaroslav Heyrovsky
Willard F.,Libby,US,US,male,1960,chemistry,1,University of California,Los Angeles CA,USA,Dec,72,52,Willard F. Libby
Melvin,Calvin,US,US,male,1961,chemistry,1,University of California,Berkeley CA,USA,Apr,86,50,Melvin Calvin
Max F.,Perutz,AT,GB,male,1962,chemistry,2,MRC Laboratory of Molecular Biology,Cambridge,United Kingdom,May,88,48,Max F. Perutz
John C.,Kendrew,GB,GB,male,1962,chemistry,2,MRC Laboratory of Molecular Biology,Cambridge,United Kingdom,Mar,80,45,John C. Kendrew
Karl,Ziegler,DE,DE,male,1963,chemistry,2,Max-Planck-Institut für Kohlenforschung (Max-Planck-Institute for Carbon Research),Mülheim/Ruhr,Germany,Nov,75,65,Karl Ziegler
Giulio,Natta,IT,IT,male,1963,chemistry,2,Institute of Technology,Milan,Italy,Feb,76,60,Giulio Natta
Dorothy Crowfoot,Hodgkin,EG,GB,female,1964,chemistry,1,University of Oxford Royal Society,Oxford,United Kingdom,May,84,54,Dorothy Crowfoot Hodgkin
Robert B.,Woodward,US,US,male,1965,chemistry,1,Harvard University,Cambridge MA,USA,Apr,62,48,Robert B. Woodward
Robert S.,Mulliken,US,US,male,1966,chemistry,1,University of Chicago,Chicago IL,USA,Jun,90,70,Robert S. Mulliken
Manfred,Eigen,DE,DE,male,1967,chemistry,2,Max-Planck-Institut für Physikalische Chemie,Göttingen,Germany,May,92,40,Manfred Eigen
Ronald G.W.,Norrish,GB,GB,male,1967,chemistry,4,Institute of Physical Chemistry,Cambridge,United Kingdom,Nov,81,70,Ronald G.W. Norrish
George,Porter,GB,GB,male,1967,chemistry,4,Royal Institution of Great Britain,London,United Kingdom,Dec,82,47,George Porter
Lars,Onsager,NO,US,male,1968,chemistry,1,Yale University,New Haven CT,USA,Nov,73,65,Lars Onsager
Derek,Barton,GB,US,male,1969,chemistry,2,Imperial College,London,United Kingdom,Sep,80,51,Derek Barton
Odd,Hassel,NO,NO,male,1969,chemistry,2,University of Oslo,Oslo,Norway,May,84,72,Odd Hassel
Luis,Leloir,FR,AR,male,1970,chemistry,1,Institute for Biochemical Research,Buenos Aires,Argentina,Sep,81,64,Luis Leloir
Gerhard,Herzberg,DE,CA,male,1971,chemistry,1,National Research Council of Canada,Ottawa,Canada,Dec,95,67,Gerhard Herzberg
Christian,Anfinsen,US,US,male,1972,chemistry,2,National Institutes of Health,Bethesda MD,USA,Mar,79,56,Christian Anfinsen
Stanford,Moore,US,US,male,1972,chemistry,4,Rockefeller University,New York NY,USA,Sep,69,59,Stanford Moore
William H.,Stein,US,US,male,1972,chemistry,4,Rockefeller University,New York NY,USA,Jun,69,61,William H. Stein
Ernst Otto,Fischer,DE,DE,male,1973,chemistry,2,Technical University,Munich,Germany,Nov,89,55,Ernst Otto Fischer
Geoffrey,Wilkinson,GB,GB,male,1973,chemistry,2,Imperial College,London,United Kingdom,Jul,75,52,Geoffrey Wilkinson
Paul J.,Flory,US,US,male,1974,chemistry,1,Stanford University,Stanford CA,USA,Jun,75,64,Paul J. Flory
John,Cornforth,AU,,male,1975,chemistry,2,University of Sussex,Brighton,United Kingdom,Sep,96,58,John Cornforth
Vladimir,Prelog,BA,CH,male,1975,chemistry,2,Eidgenössische Technische Hochschule (Swiss Federal Institute of Technology),Zurich,Switzerland,Jul,92,69,Vladimir Prelog
William,Lipscomb,US,US,male,1976,chemistry,1,Harvard University,Cambridge MA,USA,Dec,92,57,William Lipscomb
Ilya,Prigogine,RU,BE,male,1977,chemistry,1,Université Libre de Bruxelles,Brussels,Belgium,Jan,86,60,Ilya Prigogine
Peter,Mitchell,GB,GB,male,1978,chemistry,1,Glynn Research Laboratories,Bodmin,United Kingdom,Sep,72,58,Peter Mitchell
Herbert C.,Brown,GB,US,male,1979,chemistry,2,Purdue University,West Lafayette IN,USA,May,92,67,Herbert C. Brown
Georg,Wittig,DE,DE,male,1979,chemistry,2,University of Heidelberg,Heidelberg,Germany,Jun,90,82,Georg Wittig
Paul,Berg,US,,male,1980,chemistry,2,Stanford University,Stanford CA,USA,Jun,94,54,Paul Berg
Walter,Gilbert,US,,male,1980,chemistry,4,Harvard University Biological Laboratories,Cambridge MA,USA,Mar,88,48,Walter Gilbert
Kenichi,Fukui,JP,JP,male,1981,chemistry,2,Kyoto University,Kyoto,Japan,Oct,80,63,Kenichi Fukui
Roald,Hoffmann,UA,,male,1981,chemistry,2,Cornell University,Ithaca NY,USA,Jul,83,44,Roald Hoffmann
Aaron,Klug,LT,,male,1982,chemistry,1,MRC Laboratory of Molecular Biology,Cambridge,United Kingdom,Aug,92,56,Aaron Klug
Henry,Taube,CA,US,male,1983,chemistry,1,Stanford University,Stanford CA,USA,Nov,90,68,Henry Taube
Bruce,Merrifield,US,US,male,1984,chemistry,1,Rockefeller University,New York NY,USA,Jul,85,63,Bruce Merrifield
Herbert A.,Hauptman,US,US,male,1985,chemistry,2,The Medical Foundation of Buffalo,Buffalo NY,USA,Feb,94,68,Herbert A. Hauptman
Jerome,Karle,US,,male,1985,chemistry,2,US Naval Research Laboratory,Washington DC,USA,Jun,95,67,Jerome Karle
Dudley R.,Herschbach,US,,male,1986,chemistry,3,Harvard University,Cambridge MA,USA,Jun,88,54,Dudley R. Herschbach
Yuan T.,Lee,TW,,male,1986,chemistry,3,University of California,Berkeley CA,USA,Nov,84,50,Yuan T. Lee
John C.,Polanyi,DE,,male,1986,chemistry,3,University of Toronto,Toronto,Canada,Jan,91,57,John C. Polanyi
Donald J.,Cram,US,US,male,1987,chemistry,3,University of California,Los Angeles CA,USA,Apr,82,68,Donald J. Cram
Jean-Marie,Lehn,FR,,male,1987,chemistry,3,Université Louis Pasteur,Strasbourg,France,Sep,81,48,Jean-Marie Lehn
Charles J.,Pedersen,KR,US,male,1987,chemistry,3,Du Pont,Wilmington DE,USA,Oct,85,83,Charles J. Pedersen
Johann,Deisenhofer,DE,,male,1988,chemistry,3,University of Texas Southwestern Medical Center at Dallas,Dallas TX,USA,Sep,77,45,Johann Deisenhofer
Robert,Huber,DE,,male,1988,chemistry,3,Max-Planck-Institut für Biochemie,Martinsried,Germany,Feb,83,51,Robert Huber
Hartmut,Michel,DE,,male,1988,chemistry,3,Max-Planck-Institut für Biophysik,Frankfurt-on-the-Main,Germany,Jul,72,40,Hartmut Michel
Sidney,Altman,CA,,male,1989,chemistry,2,Yale University,New Haven CT,USA,May,81,50,Sidney Altman
Thomas R.,Cech,US,,male,1989,chemistry,2,University of Colorado,Boulder CO,USA,Dec,73,42,Thomas R. Cech
Elias James,Corey,US,,male,1990,chemistry,1,Harvard University,Cambridge MA,USA,Jul,92,62,Elias James Corey
Richard R.,Ernst,CH,,male,1991,chemistry,1,Eidgenössische Technische Hochschule (Swiss Federal Institute of Technology),Zurich,Switzerland,Aug,87,58,Richard R. Ernst
Rudolph A.,Marcus,CA,,male,1992,chemistry,1,California Institute of Technology (Caltech),Pasadena CA,USA,Jul,97,69,Rudolph A. Marcus
Kary B.,Mullis,US,US,male,1993,chemistry,2,,,,Dec,75,49,Kary B. Mullis
Michael,Smith,GB,CA,male,1993,chemistry,2,University of British Columbia,Vancouver,Canada,Apr,68,61,Michael Smith
George A.,Olah,HU,US,male,1994,chemistry,1,University of Southern California,Los Angeles CA,USA,May,90,67,George A. Olah
Paul J.,Crutzen,NL,,male,1995,chemistry,3,Max-Planck-Institut für Chemie,Mainz,Germany,Dec,87,62,Paul J. Crutzen
Mario J.,Molina,MX,,male,1995,chemistry,3,Massachusetts Institute of Technology (MIT),Cambridge MA,USA,Mar,77,52,Mario J. Molina
F. Sherwood,Rowland,US,US,male,1995,chemistry,3,University of California,Irvine CA,USA,Jun,85,68,F. Sherwood Rowland
Robert F.,Curl Jr.,US,,male,1996,chemistry,3,Rice University,Houston TX,USA,Aug,87,63,Robert F. Curl Jr.
Sir Harold,Kroto,GB,GB,male,1996,chemistry,3,University of Sussex,Brighton,United Kingdom,Oct,77,57,Sir Harold Kroto
Richard E.,Smalley,US,US,male,1996,chemistry,3,Rice University,Houston TX,USA,Jun,62,53,Richard E. Smalley
Paul D.,Boyer,US,US,male,1997,chemistry,4,University of California,Los Angeles CA,USA,Jul,100,79,Paul D. Boyer
John E.,Walker,GB,,male,1997,chemistry,4,MRC Laboratory of Molecular Biology,Cambridge,United Kingdom,Jan,79,56,John E. Walker
Jens C.,Skou,DK,DK,male,1997,chemistry,2,Aarhus University,Aarhus,Denmark,Oct,100,79,Jens C. Skou
Walter,Kohn,AT,US,male,1998,chemistry,2,University of California,Santa Barbara CA,USA,Mar,93,75,Walter Kohn
John,Pople,GB,US,male,1998,chemistry,2,Northwestern University,Evanston IL,USA,Oct,79,73,John Pople
Ahmed,Zewail,EG,US,male,1999,chemistry,1,California Institute of Technology (Caltech),Pasadena CA,USA,Feb,70,53,Ahmed Zewail
Emil,von Behring,PL,DE,male,1901,medicine,1,Marburg University,Marburg,Germany,Mar,63,47,Emil von Behring
Ronald,Ross,IN,GB,male,1902,medicine,1,University College,Liverpool,United Kingdom,May,75,45,Ronald Ross
Niels Ryberg,Finsen,DK,DK,male,1903,medicine,1,Finsen Medical Light Institute,Copenhagen,Denmark,Dec,44,43,Niels Ryberg Finsen
Ivan,Pavlov,RU,RU,male,1904,medicine,1,Military Medical Academy,St. Petersburg,Russia,Sep,87,55,Ivan Pavlov
Robert,Koch,DE,DE,male,1905,medicine,1,Institute for Infectious Diseases,Berlin,Germany,Dec,67,62,Robert Koch
Camillo,Golgi,IT,IT,male,1906,medicine,2,Pavia University,Pavia,Italy,Jul,83,63,Camillo Golgi
Santiago,Ramón y Cajal,ES,ES,male,1906,medicine,2,Madrid University,Madrid,Spain,May,82,54,Santiago Ramón y Cajal
Alphonse,Laveran,FR,FR,male,1907,medicine,1,Institut Pasteur,Paris,France,Jun,77,62,Alphonse Laveran
Ilya,Mechnikov,UA,FR,male,1908,medicine,2,Institut Pasteur,Paris,France,May,71,63,Ilya Mechnikov
Paul,Ehrlich,PL,DE,male,1908,medicine,2,Goettingen University,Göttingen,Germany,Mar,61,54,Paul Ehrlich
Theodor,Kocher,CH,CH,male,1909,medicine,1,Berne University,Bern,Switzerland,Aug,76,68,Theodor Kocher
Albrecht,Kossel,DE,DE,male,1910,medicine,1,University of Heidelberg,Heidelberg,Germany,Sep,74,57,Albrecht Kossel
Allvar,Gullstrand,SE,SE,male,1911,medicine,1,Uppsala University,Uppsala,Sweden,Jun,68,49,Allvar Gullstrand
Alexis,Carrel,FR,FR,male,1912,medicine,1,Rockefeller Institute for Medical Research,New York NY,USA,Jun,71,39,Alexis Carrel
Charles,Richet,FR,FR,male,1913,medicine,1,Sorbonne University,Paris,France,Aug,85,63,Charles Richet
Robert,Bárány,AT,SE,male,1914,medicine,1,Vienna University,Vienna,Austria,Apr,60,38,Robert Bárány
Jules,Bordet,BE,BE,male,1919,medicine,1,Brussels University,Brussels,Belgium,Jun,91,49,Jules Bordet
August,Krogh,DK,DK,male,1920,medicine,1,Copenhagen University,Copenhagen,Denmark,Nov,75,46,August Krogh
Archibald V.,Hill,GB,GB,male,1922,medicine,2,London University,London,United Kingdom,Sep,91,36,Archibald V. Hill
Otto,Meyerhof,DE,US,male,1922,medicine,2,Kiel University,Kiel,Germany,Apr,67,38,Otto Meyerhof
Frederick G.,Banting,CA,CA,male,1923,medicine,2,University of Toronto,Toronto,Canada,Nov,50,32,Frederick G. Banting
John,Macleod,GB,GB,male,1923,medicine,2,University of Toronto,Toronto,Canada,Sep,59,47,John Macleod
Willem,Einthoven,ID,NL,male,1924,medicine,1,Leiden University,Leiden,the Netherlands,May,67,64,Willem Einthoven
Johannes,Fibiger,DK,DK,male,1926,medicine,1,Copenhagen University,Copenhagen,Denmark,Apr,61,59,Johannes Fibiger
Julius,Wagner-Jauregg,AT,AT,male,1927,medicine,1,Vienna University,Vienna,Austria,Mar,83,70,Julius Wagner-Jauregg
Charles,Nicolle,FR,TN,male,1928,medicine,1,Institut Pasteur,Tunis,Tunisia,Sep,70,62,Charles Nicolle
Christiaan,Eijkman,NL,NL,male,1929,medicine,2,Utrecht University,Utrecht,the Netherlands,Aug,72,71,Christiaan Eijkman
Sir Frederick,Hopkins,GB,GB,male,1929,medicine,2,University of Cambridge,Cambridge,United Kingdom,Jun,86,68,Sir Frederick Hopkins
Karl,Landsteiner,AT,US,male,1930,medicine,1,Rockefeller Institute for Medical Research,New York NY,USA,Jun,75,62,Karl Landsteiner
Otto,Warburg,DE,DE,male,1931,medicine,1,Kaiser-Wilhelm-Institut (now Max-Planck-Institut) für Biologie,Berlin-Dahlem,Germany,Oct,87,48,Otto Warburg
Sir Charles,Sherrington,GB,GB,male,1932,medicine,2,University of Oxford,Oxford,United Kingdom,Nov,95,75,Sir Charles Sherrington
Edgar,Adrian,GB,GB,male,1932,medicine,2,University of Cambridge,Cambridge,United Kingdom,Nov,88,43,Edgar Adrian
Thomas H.,Morgan,US,US,male,1933,medicine,1,California Institute of Technology (Caltech),Pasadena CA,USA,Sep,79,67,Thomas H. Morgan
George H.,Whipple,US,US,male,1934,medicine,3,University of Rochester,Rochester NY,USA,Aug,98,56,George H. Whipple
George R.,Minot,US,US,male,1934,medicine,3,Harvard University,Cambridge MA,USA,Dec,65,49,George R. Minot
William P.,Murphy,US,US,male,1934,medicine,3,Harvard University,Cambridge MA,USA,Feb,95,42,William P. Murphy
Hans,Spemann,DE,DE,male,1935,medicine,1,University of Freiburg im Breisgau,Breisgau,Germany,Jun,72,66,Hans Spemann
Sir Henry,Dale,GB,GB,male,1936,medicine,2,National Institute for Medical Research,London,United Kingdom,Jun,93,61,Sir Henry Dale
Otto,Loewi,DE,US,male,1936,medicine,2,Graz University,Graz,Austria,Jun,88,63,Otto Loewi
Albert,Szent-Györgyi,HU,US,male,1937,medicine,1,Szeged University,Szeged,Hungary,Sep,93,44,Albert Szent-Györgyi
Corneille,Heymans,BE,BE,male,1938,medicine,1,Ghent University,Ghent,Belgium,Mar,76,46,Corneille Heymans
Gerhard,Domagk,PL,DE,male,1939,medicine,1,Munster University,Munster,Germany,Oct,69,44,Gerhard Domagk
Henrik,Dam,DK,DK,male,1943,medicine,2,Polytechnic Institute,Copenhagen,Denmark,Feb,81,48,Henrik Dam
Edward A.,Doisy,US,US,male,1943,medicine,2,Saint Louis University,St. Louis MO,USA,Nov,93,50,Edward A. Doisy
Joseph,Erlanger,US,US,male,1944,medicine,2,Washington University,St. Louis MO,USA,Jan,91,70,Joseph Erlanger
Herbert S.,Gasser,US,US,male,1944,medicine,2,Rockefeller Institute for Medical Research,New York NY,USA,Jul,75,56,Herbert S. Gasser
Sir Alexander,Fleming,GB,GB,male,1945,medicine,3,London University,London,United Kingdom,Aug,74,64,Sir Alexander Fleming
Ernst B.,Chain,DE,IE,male,1945,medicine,3,University of Oxford,Oxford,United Kingdom,Jun,73,39,Ernst B. Chain
Sir Howard,Florey,AU,GB,male,1945,medicine,3,University of Oxford,Oxford,United Kingdom,Sep,70,47,Sir Howard Florey
Hermann J.,Muller,US,US,male,1946,medicine,1,Indiana University,Bloomington IN,USA,Dec,77,56,Hermann J. Muller
Carl,Cori,CZ,US,male,1947,medicine,4,Washington University,St. Louis MO,USA,Dec,88,51,Carl Cori
Gerty,Cori,CZ,US,female,1947,medicine,4,Washington University,St. Louis MO,USA,Aug,61,51,Gerty Cori
Bernardo,Houssay,AR,AR,male,1947,medicine,2,Instituto de Biologia y Medicina Experimental (Institute for Biology and Experimental Medicine),Buenos Aires,Argentina,Apr,84,60,Bernardo Houssay
Paul,Müller,CH,CH,male,1948,medicine,1,Laboratorium der Farben-Fabriken J.R. Geigy A.G. (Laboratory of the J.R. Geigy Dye-Factory Co.),Basel,Switzerland,Jan,66,49,Paul Müller
Walter,Hess,CH,CH,male,1949,medicine,2,University of Zurich,Zurich,Switzerland,Mar,92,68,Walter Hess
Egas,Moniz,PT,PT,male,1949,medicine,2,University of Lisbon,Lisbon,Portugal,Nov,81,75,Egas Moniz
Edward C.,Kendall,US,US,male,1950,medicine,3,Mayo Clinic,Rochester MN,USA,Mar,86,64,Edward C. Kendall
Tadeus,Reichstein,PL,CH,male,1950,medicine,3,Basel University,Basel,Switzerland,Jul,99,53,Tadeus Reichstein
Philip S.,Hench,US,JM,male,1950,medicine,3,Mayo Clinic,Rochester MN,USA,Feb,69,54,Philip S. Hench
Max,Theiler,ZA,US,male,1951,medicine,1,Laboratories of the Division of Medicine and Public Health Rockefeller Foundation,New York NY,USA,Jan,73,52,Max Theiler
Selman A.,Waksman,UA,US,male,1952,medicine,1,Rutgers University,New Brunswick NJ,USA,Jul,85,64,Selman A. Waksman
Hans,Krebs,DE,GB,male,1953,medicine,2,Sheffield University,Sheffield,United Kingdom,Aug,81,53,Hans Krebs
Fritz,Lipmann,RU,US,male,1953,medicine,2,Harvard Medical School,Boston MA,USA,Jun,87,54,Fritz Lipmann
John F.,Enders,US,US,male,1954,medicine,3,Harvard Medical School,Boston MA,USA,Feb,88,57,John F. Enders
Thomas H.,Weller,US,US,male,1954,medicine,3,Research Division of Infectious Diseases Children's Medical Center,Boston MA,USA,Jun,93,39,Thomas H. Weller
Frederick C.,Robbins,US,US,male,1954,medicine,3,Western Reserve University,Cleveland OH,USA,Aug,87,38,Frederick C. Robbins
Hugo,Theorell,SE,SE,male,1955,medicine,1,Karolinska Institutet Nobel Medical Institute,Stockholm,Sweden,Jul,79,52,Hugo Theorell
André F.,Cournand,FR,US,male,1956,medicine,3,Columbia University Division Cardio-Pulmonary Laboratory Bellevue Hospital,New York NY,USA,Sep,93,61,André F. Cournand
Werner,Forssmann,DE,DE,male,1956,medicine,3,Mainz University,Mainz,Germany,Aug,75,52,Werner Forssmann
Dickinson W.,Richards,US,US,male,1956,medicine,3,Columbia University,New York NY,USA,Oct,78,61,Dickinson W. Richards
Daniel,Bovet,CH,IT,male,1957,medicine,1,Istituto Superiore di Sanità (Chief Institute of Public Health),Rome,Italy,Mar,85,50,Daniel Bovet
George,Beadle,US,US,male,1958,medicine,4,California Institute of Technology (Caltech),Pasadena CA,USA,Oct,86,55,George Beadle
Edward,Tatum,US,US,male,1958,medicine,4,Rockefeller Institute for Medical Research,New York NY,USA,Dec,66,49,Edward Tatum
Joshua,Lederberg,US,US,male,1958,medicine,2,University of Wisconsin,Madison WI,USA,May,83,33,Joshua Lederberg
Severo,Ochoa,ES,ES,male,1959,medicine,2,New York University College of Medicine,New York NY,USA,Sep,88,54,Severo Ochoa
Arthur,Kornberg,US,US,male,1959,medicine,2,Stanford University,Stanford CA,USA,Mar,89,41,Arthur Kornberg
Sir Frank Macfarlane,Burnet,AU,AU,male,1960,medicine,2,Walter and Eliza Hall Institute for Medical Research,Melbourne,Australia,Sep,86,61,Sir Frank Macfarlane Burnet
Peter,Medawar,BR,GB,male,1960,medicine,2,University College,London,United Kingdom,Feb,72,45,Peter Medawar
Georg,von Békésy,HU,US,male,1961,medicine,1,Harvard University,Cambridge MA,USA,Jun,73,62,Georg von Békésy
Francis,Crick,GB,US,male,1962,medicine,3,MRC Laboratory of Molecular Biology,Cambridge,United Kingdom,Jun,88,46,Francis Crick
James,Watson,US,,male,1962,medicine,3,Harvard University,Cambridge MA,USA,Apr,92,34,James Watson
Maurice,Wilkins,NZ,GB,male,1962,medicine,3,London University,London,United Kingdom,Dec,88,46,Maurice Wilkins
Sir John,Eccles,AU,CH,male,1963,medicine,3,Australian National University,Canberra,Australia,Jan,94,60,Sir John Eccles
Alan,Hodgkin,GB,GB,male,1963,medicine,3,University of Cambridge,Cambridge,United Kingdom,Feb,84,49,Alan Hodgkin
Andrew,Huxley,GB,GB,male,1963,medicine,3,University College,London,United Kingdom,Nov,95,46,Andrew Huxley
Konrad,Bloch,PL,US,male,1964,medicine,2,Harvard University,Cambridge MA,USA,Jan,88,52,Konrad Bloch
Feodor,Lynen,DE,DE,male,1964,medicine,2,Max-Planck-Institut für Zellchemie,Munich,Germany,Apr,68,53,Feodor Lynen
François,Jacob,FR,FR,male,1965,medicine,3,Institut Pasteur,Paris,France,Jun,93,45,François Jacob
André,Lwoff,FR,FR,male,1965,medicine,3,Institut Pasteur,Paris,France,May,92,63,André Lwoff
Jacques,Monod,FR,FR,male,1965,medicine,3,Institut Pasteur,Paris,France,Feb,66,55,Jacques Monod
Peyton,Rous,US,US,male,1966,medicine,2,Rockefeller University,New York NY,USA,Oct,91,87,Peyton Rous
Charles B.,Huggins,CA,US,male,1966,medicine,2,University of Chicago Ben May Laboratory for Cancer Research,Chicago IL,USA,Sep,96,65,Charles B. Huggins
Ragnar,Granit,FI,SE,male,1967,medicine,3,Karolinska Institutet,Stockholm,Sweden,Oct,91,67,Ragnar Granit
Keffer,Hartline,US,US,male,1967,medicine,3,Rockefeller University,New York NY,USA,Dec,80,64,Keffer Hartline
George,Wald,US,US,male,1967,medicine,3,Harvard University,Cambridge MA,USA,Nov,91,61,George Wald
Robert W.,Holley,US,US,male,1968,medicine,3,Cornell University,Ithaca NY,USA,Jan,71,46,Robert W. Holley
H. Gobind,Khorana,IN,US,male,1968,medicine,3,University of Wisconsin,Madison WI,USA,Jan,89,46,H. Gobind Khorana
Marshall W.,Nirenberg,US,US,male,1968,medicine,3,National Institutes of Health,Bethesda MD,USA,Apr,83,41,Marshall W. Nirenberg
Max,Delbrück,DE,US,male,1969,medicine,3,California Institute of Technology (Caltech),Pasadena CA,USA,Sep,75,63,Max Delbrück
Alfred D.,Hershey,US,US,male,1969,medicine,3,Carnegie Institution of Washington,Long Island New York NY,USA,Dec,89,61,Alfred D. Hershey
Salvador E.,Luria,IT,US,male,1969,medicine,3,Massachusetts Institute of Technology (MIT),Cambridge MA,USA,Aug,79,57,Salvador E. Luria
Sir Bernard,Katz,DE,GB,male,1970,medicine,3,University College,London,United Kingdom,Mar,92,59,Sir Bernard Katz
Ulf,von Euler,SE,SE,male,1970,medicine,3,Karolinska Institutet,Stockholm,Sweden,Feb,78,65,Ulf von Euler
Julius,Axelrod,US,US,male,1970,medicine,3,National Institutes of Health,Bethesda MD,USA,May,92,58,Julius Axelrod
Earl W.,Sutherland Jr.,US,US,male,1971,medicine,1,Vanderbilt University,Nashville TN,USA,Nov,59,56,Earl W. Sutherland Jr.
Gerald M.,Edelman,US,US,male,1972,medicine,2,Rockefeller University,New York NY,USA,Jul,85,43,Gerald M. Edelman
Rodney R.,Porter,GB,GB,male,1972,medicine,2,University of Oxford,Oxford,United Kingdom,Oct,68,55,Rodney R. Porter
Karl,von Frisch,AT,DE,male,1973,medicine,3,Zoologisches Institut der Universität München,Munich,Germany,Nov,96,87,Karl von Frisch
Konrad,Lorenz,AT,AT,male,1973,medicine,3,Konrad-Lorenz-Institut der Österreichischen Akademie der Wissen­schaften Forschungsstelle für Ethologie,Altenberg; Grünau im Almtal,Austria,Nov,86,70,Konrad Lorenz
Nikolaas,Tinbergen,NL,GB,male,1973,medicine,3,University of Oxford,Oxford,United Kingdom,Apr,81,66,Nikolaas Tinbergen
Albert,Claude,BE,BE,male,1974,medicine,3,Université Catholique de Louvain,Louvain,Belgium,Aug,85,76,Albert Claude
Christian,de Duve,GB,BE,male,1974,medicine,3,Rockefeller University,New York NY,USA,Oct,96,57,Christian de Duve
George E.,Palade,RO,US,male,1974,medicine,3,Yale University School of Medicine,New Haven CT,USA,Nov,96,62,George E. Palade
David,Baltimore,US,,male,1975,medicine,3,Massachusetts Institute of Technology (MIT),Cambridge MA,USA,Mar,82,37,David Baltimore
Renato,Dulbecco,IT,US,male,1975,medicine,3,Imperial Cancer Research Fund Laboratory,London,United Kingdom,Feb,98,61,Renato Dulbecco
Howard M.,Temin,US,US,male,1975,medicine,3,University of Wisconsin,Madison WI,USA,Dec,60,41,Howard M. Temin
Baruch S.,Blumberg,US,US,male,1976,medicine,2,The Institute for Cancer Research,Philadelphia PA,USA,Jul,86,51,Baruch S. Blumberg
D. Carleton,Gajdusek,US,NO,male,1976,medicine,2,National Institutes of Health,Bethesda MD,USA,Sep,85,53,D. Carleton Gajdusek
Roger,Guillemin,FR,,male,1977,medicine,4,The Salk Institute,San Diego CA,USA,Jan,96,53,Roger Guillemin
Andrew V.,Schally,LT,,male,1977,medicine,4,Veterans Administration Hospital,New Orleans LA,USA,Nov,94,51,Andrew V. Schally
Rosalyn,Yalow,US,US,female,1977,medicine,2,Veterans Administration Hospital,Bronx NY,USA,Jul,90,56,Rosalyn Yalow
Werner,Arber,CH,,male,1978,medicine,3,Biozentrum der Universität,Basel,Switzerland,Jun,91,49,Werner Arber
Daniel,Nathans,US,US,male,1978,medicine,3,Johns Hopkins University School of Medicine,Baltimore MD,USA,Oct,71,50,Daniel Nathans
Hamilton O.,Smith,US,,male,1978,medicine,3,Johns Hopkins University School of Medicine,Baltimore MD,USA,Aug,89,47,Hamilton O. Smith
Allan M.,Cormack,ZA,US,male,1979,medicine,2,Tufts University,Medford MA,USA,Feb,74,55,Allan M. Cormack
Godfrey N.,Hounsfield,GB,GB,male,1979,medicine,2,Central Research Laboratories EMI,London,United Kingdom,Aug,85,60,Godfrey N. Hounsfield
Baruj,Benacerraf,VE,US,male,1980,medicine,3,Harvard Medical School,Boston MA,USA,Oct,91,60,Baruj Benacerraf
Jean,Dausset,FR,ES,male,1980,medicine,3,Université de Paris Laboratoire Immuno-Hématologie,Paris,France,Oct,93,64,Jean Dausset
George D.,Snell,US,US,male,1980,medicine,3,Jackson Laboratory,Bar Harbor ME,USA,Dec,93,77,George D. Snell
Roger W.,Sperry,US,US,male,1981,medicine,2,California Institute of Technology (Caltech),Pasadena CA,USA,Aug,81,68,Roger W. Sperry
David H.,Hubel,CA,US,male,1981,medicine,4,Harvard Medical School,Boston MA,USA,Feb,87,55,David H. Hubel
Torsten N.,Wiesel,SE,,male,1981,medicine,4,Harvard Medical School,Boston MA,USA,Jun,96,57,Torsten N. Wiesel
Sune K.,Bergström,SE,SE,male,1982,medicine,3,Karolinska Institutet,Stockholm,Sweden,Jan,88,66,Sune K. Bergström
Bengt I.,Samuelsson,SE,,male,1982,medicine,3,Karolinska Institutet,Stockholm,Sweden,May,86,48,Bengt I. Samuelsson
John R.,Vane,GB,GB,male,1982,medicine,3,The Wellcome Research Laboratories,Beckenham,United Kingdom,Mar,77,55,John R. Vane
Barbara,McClintock,US,US,female,1983,medicine,1,Cold Spring Harbor Laboratory,Cold Spring Harbor NY,USA,Jun,90,81,Barbara McClintock
Niels K.,Jerne,GB,FR,male,1984,medicine,3,Basel Institute for Immunology,Basel,Switzerland,Dec,83,73,Niels K. Jerne
Georges J.F.,Köhler,DE,DE,male,1984,medicine,3,Basel Institute for Immunology,Basel,Switzerland,Apr,49,38,Georges J.F. Köhler
César,Milstein,AR,GB,male,1984,medicine,3,MRC Laboratory of Molecular Biology,Cambridge,United Kingdom,Oct,75,57,César Milstein
Michael S.,Brown,US,,male,1985,medicine,2,University of Texas Southwestern Medical Center at Dallas,Dallas TX,USA,Apr,79,44,Michael S. Brown
Joseph L.,Goldstein,US,,male,1985,medicine,2,University of Texas Southwestern Medical Center at Dallas,Dallas TX,USA,Apr,80,45,Joseph L. Goldstein
Stanley,Cohen,US,US,male,1986,medicine,2,Vanderbilt University School of Medicine,Nashville TN,USA,Nov,98,64,Stanley Cohen
Rita,Levi-Montalcini,IT,IT,female,1986,medicine,2,Institute of Cell Biology of the C.N.R.,Rome,Italy,Apr,103,77,Rita Levi-Montalcini
Susumu,Tonegawa,JP,,male,1987,medicine,1,Massachusetts Institute of Technology (MIT),Cambridge MA,USA,Sep,81,48,Susumu Tonegawa
Sir James W.,Black,GB,,male,1988,medicine,3,London University King's College Hospital Medical School,London,United Kingdom,Jun,86,64,Sir James W. Black
Gertrude B.,Elion,US,US,female,1988,medicine,3,Wellcome Research Laboratories,Research Triangle Park NC,USA,Jan,81,70,Gertrude B. Elion
George H.,Hitchings,US,US,male,1988,medicine,3,Wellcome Research Laboratories,Research Triangle Park NC,USA,Apr,93,83,George H. Hitchings
J. Michael,Bishop,US,,male,1989,medicine,2,University of California School of Medicine,San Francisco CA,USA,Feb,84,53,J. Michael Bishop
Harold E.,Varmus,US,,male,1989,medicine,2,University of California School of Medicine,San Francisco CA,USA,Dec,81,50,Harold E. Varmus
Joseph E.,Murray,US,US,male,1990,medicine,2,Brigham and Women's Hospital,Boston MA,USA,Apr,93,71,Joseph E. Murray
E. Donnall,Thomas,US,US,male,1990,medicine,2,Fred Hutchinson Cancer Research Center,Seattle WA,USA,Mar,92,70,E. Donnall Thomas
Erwin,Neher,DE,,male,1991,medicine,2,Max-Planck-Institut für Biophysikalische Chemie,Göttingen,Germany,Mar,76,47,Erwin Neher
Bert,Sakmann,DE,,male,1991,medicine,2,Max-Planck-Institut für medizinische Forschung,Heidelberg,Germany,Jun,78,49,Bert Sakmann
Edmond H.,Fischer,CN,,male,1992,medicine,2,University of Washington,Seattle WA,USA,Apr,100,72,Edmond H. Fischer
Edwin G.,Krebs,US,US,male,1992,medicine,2,University of Washington,Seattle WA,USA,Jun,91,74,Edwin G. Krebs
Richard J.,Roberts,GB,,male,1993,medicine,2,New England Biolabs,Beverly MA,USA,Sep,77,50,Richard J. Roberts
Phillip A.,Sharp,US,,male,1993,medicine,2,Massachusetts Institute of Technology (MIT) Center for Cancer Research,Cambridge MA,USA,Jun,76,49,Phillip A. Sharp
Alfred G.,Gilman,US,US,male,1994,medicine,2,University of Texas Southwestern Medical Center at Dallas,Dallas TX,USA,Jul,74,53,Alfred G. Gilman
Martin,Rodbell,US,US,male,1994,medicine,2,National Institute of Environmental Health Sciences,Research Triangle Park NC,USA,Dec,73,69,Martin Rodbell
Edward B.,Lewis,US,US,male,1995,medicine,3,California Institute of Technology (Caltech),Pasadena CA,USA,May,86,77,Edward B. Lewis
Christiane,Nüsslein-Volhard,DE,,female,1995,medicine,3,Max-Planck-Institut für Entwicklungsbiologie,Tübingen,Germany,Oct,78,53,Christiane Nüsslein-Volhard
Eric F.,Wieschaus,US,,male,1995,medicine,3,Princeton University,Princeton NJ,USA,Jun,73,48,Eric F. Wieschaus
Peter C.,Doherty,AU,,male,1996,medicine,2,St. Jude Children's Research Hospital,Memphis TN,USA,Oct,80,56,Peter C. Doherty
Rolf M.,Zinkernagel,CH,,male,1996,medicine,2,University of Zurich Institute of Experimental Immunology,Zurich,Switzerland,Jan,76,52,Rolf M. Zinkernagel
Stanley B.,Prusiner,US,,male,1997,medicine,1,University of California School of Medicine,San Francisco CA,USA,May,78,55,Stanley B. Prusiner
Robert F.,Furchgott,US,US,male,1998,medicine,3,SUNY Health Science Center,Brooklyn NY,USA,Jun,93,82,Robert F. Furchgott
Louis J.,Ignarro,US,,male,1998,medicine,3,University of California School of Medicine,Los Angeles CA,USA,May,79,57,Louis J. Ignarro
Ferid,Murad,US,,male,1998,medicine,3,University of Texas Medical School at Houston,Houston TX,USA,Sep,84,62,Ferid Murad
Günter,Blobel,PL,US,male,1999,medicine,1,Rockefeller University,New York NY,USA,May,82,63,Günter Blobel
Henry,Dunant,CH,CH,male,1901,peace,2,,,,May,82,73,Henry Dunant
Frédéric,Passy,FR,FR,male,1901,peace,2,,,,May,90,79,Frédéric Passy
Élie,Ducommun,CH,CH,male,1902,peace,2,,,,Feb,73,69,Élie Ducommun
Albert,Gobat,CH,CH,male,1902,peace,2,,,,May,71,59,Albert Gobat
Randal,Cremer,GB,GB,male,1903,peace,1,,,,Mar,80,75,Randal Cremer
Bertha,von Suttner,CZ,AT,female,1905,peace,1,,,,Jun,71,62,Bertha von Suttner
Theodore,Roosevelt,US,US,male,1906,peace,1,,,,Oct,61,48,Theodore Roosevelt
Ernesto Teodoro,Moneta,IT,IT,male,1907,peace,2,,,,Sep,85,74,Ernesto Teodoro Moneta
Louis,Renault,FR,FR,male,1907,peace,2,Sorbonne University,Paris,France,May,75,64,Louis Renault
Klas Pontus,Arnoldson,SE,SE,male,1908,peace,2,,,,Oct,72,64,Klas Pontus Arnoldson
Fredrik,Bajer,DK,DK,male,1908,peace,2,,,,Apr,85,71,Fredrik Bajer
Auguste,Beernaert,BE,CH,male,1909,peace,2,,,,Jul,83,80,Auguste Beernaert
Paul Henri,d'Estournelles de Constant,FR,FR,male,1909,peace,2,,,,Nov,72,57,Paul Henri d'Estournelles de Constant
Tobias,Asser,NL,NL,male,1911,peace,2,,,,Apr,75,73,Tobias Asser
Alfred,Fried,AT,AT,male,1911,peace,2,,,,Nov,57,47,Alfred Fried
Elihu,Root,US,US,male,1912,peace,1,,,,Feb,92,67,Elihu Root
Henri,La Fontaine,BE,BE,male,1913,peace,1,,,,Apr,89,59,Henri La Fontaine
Woodrow,Wilson,US,US,male,1919,peace,1,,,,Dec,68,63,Woodrow Wilson
Léon,Bourgeois,FR,FR,male,1920,peace,1,,,,May,74,69,Léon Bourgeois
Hjalmar,Branting,SE,SE,male,1921,peace,2,,,,Nov,65,61,Hjalmar Branting
Christian,Lange,NO,NO,male,1921,peace,2,,,,Sep,69,52,Christian Lange
Fridtjof,Nansen,NO,NO,male,1922,peace,1,,,,Oct,69,61,Fridtjof Nansen
Sir Austen,Chamberlain,GB,GB,male,1925,peace,2,,,,Oct,74,62,Sir Austen Chamberlain
Charles G.,Dawes,US,US,male,1925,peace,2,,,,Aug,86,60,Charles G. Dawes
Aristide,Briand,FR,FR,male,1926,peace,2,,,,Mar,70,64,Aristide Briand
Gustav,Stresemann,DE,DE,male,1926,peace,2,,,,May,51,48,Gustav Stresemann
Ferdinand,Buisson,FR,FR,male,1927,peace,2,,,,Dec,91,86,Ferdinand Buisson
Ludwig,Quidde,DE,CH,male,1927,peace,2,,,,Mar,83,69,Ludwig Quidde
Frank B.,Kellogg,US,US,male,1929,peace,1,,,,Dec,81,73,Frank B. Kellogg
Nathan,Söderblom,SE,SE,male,1930,peace,1,,,,Jan,65,64,Nathan Söderblom
Jane,Addams,US,US,female,1931,peace,2,,,,Sep,75,71,Jane Addams
Nicholas Murray,Butler,US,US,male,1931,peace,2,Columbia University,New York NY,USA,Apr,85,69,Nicholas Murray Butler
Sir Norman,Angell,GB,GB,male,1933,peace,1,,,,Dec,95,61,Sir Norman Angell
Arthur,Henderson,GB,GB,male,1934,peace,1,,,,Sep,72,71,Arthur Henderson
Carl,von Ossietzky,DE,DE,male,1935,peace,1,,,,Oct,49,46,Carl von Ossietzky
Carlos,Saavedra Lamas,AR,AR,male,1936,peace,1,,,,Nov,81,58,Carlos Saavedra Lamas
Robert,Cecil,GB,GB,male,1937,peace,1,,,,Sep,94,73,Robert Cecil
Cordell,Hull,US,US,male,1945,peace,1,,,,Oct,84,74,Cordell Hull
Emily Greene,Balch,US,US,female,1946,peace,2,,,,Jan,94,79,Emily Greene Balch
John R.,Mott,US,US,male,1946,peace,2,,,,May,90,81,John R. Mott
John,Boyd Orr,GB,GB,male,1949,peace,1,,,,Sep,91,69,John Boyd Orr
Ralph,Bunche,US,US,male,1950,peace,1,Harvard University,Cambridge MA,USA,Aug,67,46,Ralph Bunche
Léon,Jouhaux,FR,FR,male,1951,peace,1,,,,Jul,75,72,Léon Jouhaux
Albert,Schweitzer,FR,GA,male,1952,peace,1,,,,Jan,90,77,Albert Schweitzer
George C.,Marshall,US,US,male,1953,peace,1,,,,Dec,79,73,George C. Marshall
Lester Bowles,Pearson,CA,CA,male,1957,peace,1,,,,Apr,75,60,Lester Bowles Pearson
Georges,Pire,BE,BE,male,1958,peace,1,,,,Feb,59,48,Georges Pire
Philip,Noel-Baker,GB,GB,male,1959,peace,1,,,,Nov,93,70,Philip Noel-Baker
Albert,Luthuli,ZW,ZA,male,1960,peace,1,,,,Jul,69,62,Albert Luthuli
Dag,Hammarskjöld,SE,ZM,male,1961,peace,1,,,,Jul,56,56,Dag Hammarskjöld
Martin Luther,King Jr.,US,US,male,1964,peace,1,,,,Jan,39,35,Martin Luther King Jr.
René,Cassin,FR,FR,male,1968,peace,1,,,,Oct,89,81,René Cassin
Norman,Borlaug,US,US,male,1970,peace,1,,,,Mar,95,56,Norman Borlaug
Willy,Brandt,DE,DE,male,1971,peace,1,,,,Dec,79,58,Willy Brandt
Henry,Kissinger,DE,,male,1973,peace,2,,,,May,97,50,Henry Kissinger
Le Duc Tho,,VN,VN,male,1973,peace,2,,,,Oct,79,62,Le Duc Tho 
Seán,MacBride,FR,IE,male,1974,peace,2,,,,Jan,84,70,Seán MacBride
Eisaku,Sato,JP,JP,male,1974,peace,2,,,,Mar,74,73,Eisaku Sato
Andrei,Sakharov,RU,RU,male,1975,peace,1,,,,May,68,54,Andrei Sakharov
Betty,Williams,GB,GB,female,1976,peace,2,,,,May,77,33,Betty Williams
Mairead,Corrigan,GB,,female,1976,peace,2,,,,Jan,76,32,Mairead Corrigan
Anwar,al-Sadat,EG,EG,male,1978,peace,2,,,,Dec,63,60,Anwar al-Sadat
Menachem,Begin,BY,IL,male,1978,peace,2,,,,Aug,79,65,Menachem Begin
Anjezë Gonxhe,Bojaxhiu,MK,IN,female,1979,peace,1,,,,Aug,87,69,Anjezë Gonxhe Bojaxhiu
Adolfo,Pérez Esquivel,AR,,male,1980,peace,1,,,,Nov,89,49,Adolfo Pérez Esquivel
Alva,Myrdal,SE,SE,female,1982,peace,2,,,,Jan,84,80,Alva Myrdal
Alfonso,García Robles,MX,MX,male,1982,peace,2,,,,Mar,80,71,Alfonso García Robles
Lech,Walesa,PL,,male,1983,peace,1,,,,Sep,77,40,Lech Walesa
Desmond,Tutu,ZA,,male,1984,peace,1,,,,Oct,89,53,Desmond Tutu
Elie,Wiesel,RO,US,male,1986,peace,1,,,,Sep,88,58,Elie Wiesel
Oscar,Arias Sánchez,CR,,male,1987,peace,1,,,,Sep,80,47,Oscar Arias Sánchez
Lhamo,Thondup,CN,,male,1989,peace,1,,,,Jul,85,54,Lhamo Thondup
Mikhail,Gorbachev,RU,,male,1990,peace,1,,,,Mar,89,59,Mikhail Gorbachev
Aung San Suu Kyi,,MM,,female,1991,peace,1,,,,Jun,75,46,Aung San Suu Kyi 
Rigoberta,Menchú Tum,GT,,female,1992,peace,1,,,,Jan,61,33,Rigoberta Menchú Tum
Nelson,Mandela,ZA,ZA,male,1993,peace,2,,,,Jul,95,75,Nelson Mandela
F.W.,de Klerk,ZA,,male,1993,peace,2,,,,Mar,84,57,F.W. de Klerk
Yasser,Arafat,EG,FR,male,1994,peace,3,,,,Aug,75,65,Yasser Arafat
Shimon,Peres,BY,IL,male,1994,peace,3,,,,Aug,93,71,Shimon Peres
Yitzhak,Rabin,IL,IL,male,1994,peace,3,,,,Mar,73,72,Yitzhak Rabin
Joseph,Rotblat,PL,GB,male,1995,peace,2,,,,Nov,97,87,Joseph Rotblat
Carlos Filipe Ximenes,Belo,TL,,male,1996,peace,2,,,,Feb,72,48,Carlos Filipe Ximenes Belo
José,Ramos-Horta,TL,,male,1996,peace,2,,,,Dec,71,47,José Ramos-Horta
Jody,Williams,US,,female,1997,peace,2,,,,Oct,70,47,Jody Williams
John,Hume,GB,,male,1998,peace,2,,,,Jan,83,61,John Hume
David,Trimble,GB,,male,1998,peace,2,,,,Oct,76,54,David Trimble
Sully,Prudhomme,FR,FR,male,1901,literature,1,,,,Mar,68,62,Sully Prudhomme
Theodor,Mommsen,DE,DE,male,1902,literature,1,,,,Nov,86,85,Theodor Mommsen
Bjørnstjerne,Bjørnson,NO,FR,male,1903,literature,1,,,,Dec,78,71,Bjørnstjerne Bjørnson
Frédéric,Mistral,FR,FR,male,1904,literature,2,,,,Sep,84,74,Frédéric Mistral
José,Echegaray,ES,ES,male,1904,literature,2,,,,Apr,84,72,José Echegaray
Henryk,Sienkiewicz,PL,CH,male,1905,literature,1,,,,May,70,59,Henryk Sienkiewicz
Giosuè,Carducci,IT,IT,male,1906,literature,1,,,,Jul,72,71,Giosuè Carducci
Rudyard,Kipling,IN,GB,male,1907,literature,1,,,,Dec,71,42,Rudyard Kipling
Rudolf,Eucken,DE,DE,male,1908,literature,1,,,,Jan,80,62,Rudolf Eucken
Selma,Lagerlöf,SE,SE,female,1909,literature,1,,,,Nov,82,51,Selma Lagerlöf
Paul,Heyse,DE,DE,male,1910,literature,1,,,,Mar,84,80,Paul Heyse
Maurice,Maeterlinck,BE,FR,male,1911,literature,1,,,,Aug,87,49,Maurice Maeterlinck
Gerhart,Hauptmann,PL,PL,male,1912,literature,1,,,,Nov,84,50,Gerhart Hauptmann
Rabindranath,Tagore,IN,IN,male,1913,literature,1,,,,May,80,52,Rabindranath Tagore
Romain,Rolland,FR,FR,male,1915,literature,1,,,,Jan,78,49,Romain Rolland
Verner,von Heidenstam,SE,SE,male,1916,literature,1,,,,Jul,81,57,Verner von Heidenstam
Karl,Gjellerup,DK,DE,male,1917,literature,2,,,,Jun,62,60,Karl Gjellerup
Henrik,Pontoppidan,DK,DK,male,1917,literature,2,,,,Jul,86,60,Henrik Pontoppidan
Carl,Spitteler,CH,CH,male,1919,literature,1,,,,Apr,79,74,Carl Spitteler
Knut,Hamsun,NO,NO,male,1920,literature,1,,,,Aug,93,61,Knut Hamsun
Anatole,France,FR,FR,male,1921,literature,1,,,,Apr,80,77,Anatole France
Jacinto,Benavente,ES,ES,male,1922,literature,1,,,,Aug,88,56,Jacinto Benavente
William Butler,Yeats,IE,FR,male,1923,literature,1,,,,Jun,74,58,William Butler Yeats
Wladyslaw,Reymont,PL,PL,male,1924,literature,1,,,,May,58,57,Wladyslaw Reymont
George Bernard,Shaw,IE,GB,male,1925,literature,1,,,,Jul,94,69,George Bernard Shaw
Grazia,Deledda,IT,IT,female,1926,literature,1,,,,Sep,65,55,Grazia Deledda
Henri,Bergson,FR,FR,male,1927,literature,1,,,,Oct,82,68,Henri Bergson
Sigrid,Undset,DK,NO,female,1928,literature,1,,,,May,67,46,Sigrid Undset
Thomas,Mann,DE,CH,male,1929,literature,1,,,,Jun,80,54,Thomas Mann
Sinclair,Lewis,US,IT,male,1930,literature,1,,,,Feb,66,45,Sinclair Lewis
Erik Axel,Karlfeldt,SE,SE,male,1931,literature,1,,,,Jul,67,67,Erik Axel Karlfeldt
John,Galsworthy,GB,GB,male,1932,literature,1,,,,Aug,66,65,John Galsworthy
Ivan,Bunin,RU,FR,male,1933,literature,1,,,,Oct,83,63,Ivan Bunin
Luigi,Pirandello,IT,IT,male,1934,literature,1,,,,Jun,69,67,Luigi Pirandello
Eugene,O'Neill,US,US,male,1936,literature,1,,,,Oct,65,48,Eugene O'Neill
Roger,Martin du Gard,FR,FR,male,1937,literature,1,,,,Mar,77,56,Roger Martin du Gard
Pearl,Buck,US,US,female,1938,literature,1,,,,Jun,81,46,Pearl Buck
Frans Eemil,Sillanpää,FI,FI,male,1939,literature,1,,,,Sep,76,51,Frans Eemil Sillanpää
Johannes V.,Jensen,DK,DK,male,1944,literature,1,,,,Jan,77,71,Johannes V. Jensen
Gabriela,Mistral,CL,US,female,1945,literature,1,,,,Apr,68,56,Gabriela Mistral
Hermann,Hesse,DE,CH,male,1946,literature,1,,,,Jul,85,69,Hermann Hesse
André,Gide,FR,FR,male,1947,literature,1,,,,Nov,82,78,André Gide
T.S.,Eliot,US,GB,male,1948,literature,1,,,,Sep,77,60,T.S. Eliot
William,Faulkner,US,US,male,1949,literature,1,,,,Sep,65,52,William Faulkner
Bertrand,Russell,GB,GB,male,1950,literature,1,,,,May,98,78,Bertrand Russell
Pär,Lagerkvist,SE,SE,male,1951,literature,1,,,,May,83,60,Pär Lagerkvist
François,Mauriac,FR,FR,male,1952,literature,1,,,,Oct,85,67,François Mauriac
Winston,Churchill,GB,GB,male,1953,literature,1,,,,Nov,91,79,Winston Churchill
Ernest,Hemingway,US,US,male,1954,literature,1,,,,Jul,62,55,Ernest Hemingway
Halldór,Laxness,IS,IS,male,1955,literature,1,,,,Apr,96,53,Halldór Laxness
Juan Ramón,Jiménez,ES,PR,male,1956,literature,1,,,,Dec,77,75,Juan Ramón Jiménez
Albert,Camus,DZ,FR,male,1957,literature,1,,,,Nov,47,44,Albert Camus
Boris,Pasternak,RU,RU,male,1958,literature,1,,,,Feb,70,68,Boris Pasternak
Salvatore,Quasimodo,IT,IT,male,1959,literature,1,,,,Aug,67,58,Salvatore Quasimodo
Saint-John,Perse,GP,FR,male,1960,literature,1,,,,May,88,73,Saint-John Perse
Ivo,Andric,BA,RS,male,1961,literature,1,,,,Oct,83,69,Ivo Andric
John,Steinbeck,US,US,male,1962,literature,1,,,,Feb,66,60,John Steinbeck
Giorgos,Seferis,TR,GR,male,1963,literature,1,,,,Mar,71,63,Giorgos Seferis
Jean-Paul,Sartre,FR,FR,male,1964,literature,1,,,,Jun,75,59,Jean-Paul Sartre
Mikhail,Sholokhov,RU,RU,male,1965,literature,1,,,,May,79,60,Mikhail Sholokhov
Shmuel,Agnon,UA,IL,male,1966,literature,2,,,,Jul,82,78,Shmuel Agnon
Nelly,Sachs,DE,SE,female,1966,literature,2,,,,Dec,79,75,Nelly Sachs
Miguel Angel,Asturias,GT,ES,male,1967,literature,1,,,,Oct,75,68,Miguel Angel Asturias
Yasunari,Kawabata,JP,JP,male,1968,literature,1,,,,Jun,73,69,Yasunari Kawabata
Samuel,Beckett,IE,FR,male,1969,literature,1,,,,Apr,83,63,Samuel Beckett
Alexandr,Solzhenitsyn,RU,RU,male,1970,literature,1,,,,Dec,90,52,Alexandr Solzhenitsyn
Pablo,Neruda,CL,CL,male,1971,literature,1,,,,Jul,69,67,Pablo Neruda
Heinrich,Böll,DE,DE,male,1972,literature,1,,,,Dec,68,55,Heinrich Böll
Patrick,White,GB,AU,male,1973,literature,1,,,,May,78,61,Patrick White
Eyvind,Johnson,SE,SE,male,1974,literature,2,,,,Jul,76,74,Eyvind Johnson
Harry,Martinson,SE,SE,male,1974,literature,2,,,,May,74,70,Harry Martinson
Eugenio,Montale,IT,IT,male,1975,literature,1,,,,Oct,85,79,Eugenio Montale
Saul,Bellow,CA,US,male,1976,literature,1,,,,Jun,90,61,Saul Bellow
Vicente,Aleixandre,ES,ES,male,1977,literature,1,,,,Apr,86,79,Vicente Aleixandre
Isaac Bashevis,Singer,PL,US,male,1978,literature,1,,,,Jul,87,74,Isaac Bashevis Singer
Odysseus,Elytis,GR,GR,male,1979,literature,1,,,,Nov,85,68,Odysseus Elytis
Czeslaw,Milosz,LT,PL,male,1980,literature,1,,,,Jun,93,69,Czeslaw Milosz
Elias,Canetti,BG,CH,male,1981,literature,1,,,,Jul,89,76,Elias Canetti
Gabriel,García Márquez,CO,MX,male,1982,literature,1,,,,Mar,87,55,Gabriel García Márquez
William,Golding,GB,GB,male,1983,literature,1,,,,Sep,82,72,William Golding
Jaroslav,Seifert,CZ,CZ,male,1984,literature,1,,,,Sep,85,83,Jaroslav Seifert
Claude,Simon,MG,FR,male,1985,literature,1,,,,Oct,92,72,Claude Simon
Wole,Soyinka,NG,,male,1986,literature,1,,,,Jul,86,52,Wole Soyinka
Joseph,Brodsky,RU,US,male,1987,literature,1,,,,May,56,47,Joseph Brodsky
Naguib,Mahfouz,EG,EG,male,1988,literature,1,,,,Dec,95,77,Naguib Mahfouz
Camilo José,Cela,ES,ES,male,1989,literature,1,,,,May,86,73,Camilo José Cela
Octavio,Paz,MX,MX,male,1990,literature,1,,,,Mar,84,76,Octavio Paz
Nadine,Gordimer,ZA,ZA,female,1991,literature,1,,,,Nov,91,68,Nadine Gordimer
Derek,Walcott,LC,LC,male,1992,literature,1,,,,Jan,87,62,Derek Walcott
Toni,Morrison,US,US,female,1993,literature,1,,,,Feb,88,62,Toni Morrison
Kenzaburo,Oe,JP,,male,1994,literature,1,,,,Jan,85,59,Kenzaburo Oe
Seamus,Heaney,GB,IE,male,1995,literature,1,,,,Apr,74,56,Seamus Heaney
Wislawa,Szymborska,PL,PL,female,1996,literature,1,,,,Jul,89,73,Wislawa Szymborska
Dario,Fo,IT,IT,male,1997,literature,1,,,,Mar,90,71,Dario Fo
José,Saramago,PT,ES,male,1998,literature,1,,,,Nov,88,76,José Saramago
Günter,Grass,PL,DE,male,1999,literature,1,,,,Oct,88,72,Günter Grass
Ragnar,Frisch,NO,NO,male,1969,economics,2,University of Oslo,Oslo,Norway,Mar,78,74,Ragnar Frisch
Jan,Tinbergen,NL,NL,male,1969,economics,2,The Netherlands School of Economics,Rotterdam,the Netherlands,Apr,91,66,Jan Tinbergen
Paul A.,Samuelson,US,US,male,1970,economics,1,Massachusetts Institute of Technology (MIT),Cambridge MA,USA,May,94,55,Paul A. Samuelson
Simon,Kuznets,BY,US,male,1971,economics,1,Harvard University,Cambridge MA,USA,Apr,84,70,Simon Kuznets
John R.,Hicks,GB,GB,male,1972,economics,2,All Souls College,Oxford,United Kingdom,Apr,85,68,John R. Hicks
Kenneth J.,Arrow,US,US,male,1972,economics,2,Harvard University,Cambridge MA,USA,Aug,96,51,Kenneth J. Arrow
Wassily,Leontief,RU,US,male,1973,economics,1,Harvard University,Cambridge MA,USA,Aug,93,67,Wassily Leontief
Gunnar,Myrdal,SE,SE,male,1974,economics,2,,,,Dec,89,76,Gunnar Myrdal
Friedrich,von Hayek,AT,DE,male,1974,economics,2,,,,May,93,75,Friedrich von Hayek
Leonid Vitaliyevich,Kantorovich,RU,RU,male,1975,economics,2,Academy of Sciences,Moscow,USSR (now Russia),Jan,74,63,Leonid Vitaliyevich Kantorovich
Tjalling C.,Koopmans,NL,US,male,1975,economics,2,Yale University,New Haven CT,USA,Aug,75,65,Tjalling C. Koopmans
Milton,Friedman,US,US,male,1976,economics,1,University of Chicago,Chicago IL,USA,Jul,94,64,Milton Friedman
Bertil,Ohlin,SE,SE,male,1977,economics,2,Stockholm School of Economics,Stockholm,Sweden,Apr,80,78,Bertil Ohlin
James E.,Meade,GB,GB,male,1977,economics,2,University of Cambridge,Cambridge,United Kingdom,Jun,88,70,James E. Meade
Herbert,Simon,US,US,male,1978,economics,1,Carnegie Mellon University,Pittsburgh PA,USA,Jun,85,62,Herbert Simon
Theodore W.,Schultz,US,US,male,1979,economics,2,University of Chicago,Chicago IL,USA,Apr,96,77,Theodore W. Schultz
Sir Arthur,Lewis,LC,BB,male,1979,economics,2,Princeton University,Princeton NJ,USA,Jan,76,64,Sir Arthur Lewis
Lawrence R.,Klein,US,US,male,1980,economics,1,University of Pennsylvania,Philadelphia PA,USA,Sep,93,60,Lawrence R. Klein
James,Tobin,US,US,male,1981,economics,1,Yale University,New Haven CT,USA,Mar,84,63,James Tobin
George J.,Stigler,US,US,male,1982,economics,1,University of Chicago,Chicago IL,USA,Jan,80,71,George J. Stigler
Gerard,Debreu,FR,FR,male,1983,economics,1,University of California,Berkeley CA,USA,Jul,83,62,Gerard Debreu
Richard,Stone,GB,GB,male,1984,economics,1,University of Cambridge,Cambridge,United Kingdom,Aug,78,71,Richard Stone
Franco,Modigliani,IT,US,male,1985,economics,1,Massachusetts Institute of Technology (MIT),Cambridge MA,USA,Jun,85,67,Franco Modigliani
James M.,Buchanan Jr.,US,US,male,1986,economics,1,Center for Study of Public Choice,Fairfax VA,USA,Oct,94,67,James M. Buchanan Jr.
Robert M.,Solow,US,,male,1987,economics,1,Massachusetts Institute of Technology (MIT),Cambridge MA,USA,Aug,96,63,Robert M. Solow
Maurice,Allais,FR,FR,male,1988,economics,1,École Nationale Supérieur des Mines de Paris,Paris,France,May,99,77,Maurice Allais
Trygve,Haavelmo,NO,NO,male,1989,economics,1,University of Oslo,Oslo,Norway,Dec,88,78,Trygve Haavelmo
Harry M.,Markowitz,US,,male,1990,economics,3,City University of New York,New York NY,USA,Aug,93,63,Harry M. Markowitz
Merton H.,Miller,US,US,male,1990,economics,3,University of Chicago,Chicago IL,USA,May,77,67,Merton H. Miller
William F.,Sharpe,US,,male,1990,economics,3,Stanford University,Stanford CA,USA,Jun,86,56,William F. Sharpe
Ronald H.,Coase,GB,US,male,1991,economics,1,University of Chicago,Chicago IL,USA,Dec,103,81,Ronald H. Coase
Gary,Becker,US,US,male,1992,economics,1,University of Chicago,Chicago IL,USA,Dec,84,62,Gary Becker
Robert W.,Fogel,US,US,male,1993,economics,2,University of Chicago,Chicago IL,USA,Jul,86,66,Robert W. Fogel
Douglass C.,North,US,US,male,1993,economics,2,Washington University,St. Louis MO,USA,Nov,95,73,Douglass C. North
John C.,Harsanyi,HU,US,male,1994,economics,3,University of California,Berkeley CA,USA,May,80,74,John C. Harsanyi
John F.,Nash Jr.,US,US,male,1994,economics,3,Princeton University,Princeton NJ,USA,Jun,87,66,John F. Nash Jr.
Reinhard,Selten,PL,PL,male,1994,economics,3,Rheinische Friedrich-Wilhelms-Universität,Bonn,Germany,Oct,86,64,Reinhard Selten
Robert E.,Lucas Jr.,US,,male,1995,economics,1,University of Chicago,Chicago IL,USA,Sep,83,58,Robert E. Lucas Jr.
James A.,Mirrlees,GB,GB,male,1996,economics,2,University of Cambridge,Cambridge,United Kingdom,Jul,82,60,James A. Mirrlees
William,Vickrey,CA,US,male,1996,economics,2,Columbia University,New York NY,USA,Jun,82,82,William Vickrey
Robert C.,Merton,US,,male,1997,economics,2,Harvard University,Cambridge MA,USA,Jul,76,53,Robert C. Merton
Myron,Scholes,CA,,male,1997,economics,2,Long Term Capital Management,Greenwich CT,USA,Jul,79,56,Myron Scholes
Amartya,Sen,IN,,male,1998,economics,1,Trinity College,Cambridge,United Kingdom,Nov,87,65,Amartya Sen
Robert,Mundell,CA,,male,1999,economics,1,Columbia University,New York NY,USA,Oct,88,67,Robert Mundell
Il´ja M.,Frank,RU,RU,male,1958,physics,3,Lomonosov Moscow State University,Moscow,USSR (now Russia),Oct,82,50,Il´ja M. Frank
Arvid,Carlsson,SE,SE,male,2000,medicine,3,Göteborg University,Gothenburg,Sweden,Jan,95,77,Arvid Carlsson
Paul,Greengard,US,US,male,2000,medicine,3,Rockefeller University,New York NY,USA,Dec,94,75,Paul Greengard
Eric,Kandel,AT,,male,2000,medicine,3,Columbia University,New York NY,USA,Nov,91,71,Eric Kandel
Kim,Dae-jung,KR,,male,2000,peace,1,,,,Dec,84,75,Kim Dae-jung
Zhores,Alferov,BY,RU,male,2000,physics,4,A.F. Ioffe Physico-Technical Institute,St. Petersburg,Russia,Mar,89,70,Zhores Alferov
Herbert,Kroemer,DE,,male,2000,physics,4,University of California,Santa Barbara CA,USA,Aug,92,72,Herbert Kroemer
Jack,Kilby,US,US,male,2000,physics,2,Texas Instruments,Dallas TX,USA,Nov,82,77,Jack Kilby
Alan,Heeger,US,,male,2000,chemistry,3,University of California,Santa Barbara CA,USA,Jan,84,64,Alan Heeger
Alan,MacDiarmid,NZ,US,male,2000,chemistry,3,University of Pennsylvania,Philadelphia PA,USA,Apr,80,73,Alan MacDiarmid
Hideki,Shirakawa,JP,,male,2000,chemistry,3,University of Tsukuba,Tokyo,Japan,Aug,84,64,Hideki Shirakawa
James J.,Heckman,US,,male,2000,economics,2,University of Chicago,Chicago IL,USA,Apr,76,56,James J. Heckman
Daniel L.,McFadden,US,,male,2000,economics,2,University of California,Berkeley CA,USA,Jul,83,63,Daniel L. McFadden
Xingjian,Gao,CN,,male,2000,literature,1,,,,Jan,80,60,Xingjian Gao
Leland,Hartwell,US,,male,2001,medicine,3,Fred Hutchinson Cancer Research Center,Seattle WA,USA,Oct,81,62,Leland Hartwell
Tim,Hunt,GB,,male,2001,medicine,3,Imperial Cancer Research Fund,London,United Kingdom,Feb,77,58,Tim Hunt
Sir Paul,Nurse,GB,,male,2001,medicine,3,Imperial Cancer Research Fund,London,United Kingdom,Jan,71,52,Sir Paul Nurse
Eric,Cornell,US,,male,2001,physics,3,University of Colorado JILA,Boulder CO,USA,Dec,59,40,Eric Cornell
Wolfgang,Ketterle,DE,,male,2001,physics,3,Massachusetts Institute of Technology (MIT),Cambridge MA,USA,Oct,63,44,Wolfgang Ketterle
Carl,Wieman,US,,male,2001,physics,3,University of Colorado JILA,Boulder CO,USA,Mar,69,50,Carl Wieman
William,Knowles,US,US,male,2001,chemistry,4,,,,Jun,95,84,William Knowles
Ryoji,Noyori,JP,,male,2001,chemistry,4,Nagoya University,Nagoya,Japan,Sep,82,63,Ryoji Noyori
Barry,Sharpless,US,,male,2001,chemistry,2,The Scripps Research Institute,La Jolla CA,USA,Apr,79,60,Barry Sharpless
George A.,Akerlof,US,,male,2001,economics,3,University of California,Berkeley CA,USA,Jun,80,61,George A. Akerlof
A. Michael,Spence,US,,male,2001,economics,3,Stanford University,Stanford CA,USA,Nov,77,58,A. Michael Spence
Joseph E.,Stiglitz,US,,male,2001,economics,3,Columbia University,New York NY,USA,Feb,77,58,Joseph E. Stiglitz
V. S.,Naipaul,TT,GB,male,2001,literature,1,,,,Aug,86,69,V. S. Naipaul
Kofi,Annan,GH,CH,male,2001,peace,2,,,,Apr,80,63,Kofi Annan
Sydney,Brenner,ZA,SG,male,2002,medicine,3,The Molecular Sciences Institute,Berkeley CA,USA,Jan,92,75,Sydney Brenner
H. Robert,Horvitz,US,,male,2002,medicine,3,Massachusetts Institute of Technology (MIT),Cambridge MA,USA,May,73,55,H. Robert Horvitz
John E.,Sulston,GB,,male,2002,medicine,3,The Wellcome Trust Sanger Institute,Cambridge,United Kingdom,Mar,76,60,John E. Sulston
Raymond,Davis Jr.,US,US,male,2002,physics,4,University of Pennsylvania,Philadelphia PA,USA,Oct,92,88,Raymond Davis Jr.
Masatoshi,Koshiba,JP,,male,2002,physics,4,University of Tokyo,Tokyo,Japan,Sep,94,76,Masatoshi Koshiba
Riccardo,Giacconi,IT,US,male,2002,physics,2,Associated Universities Inc.,Washington DC,USA,Oct,87,71,Riccardo Giacconi
John B.,Fenn,US,US,male,2002,chemistry,4,Virginia Commonwealth University,Richmond VA,USA,Jun,93,85,John B. Fenn
Koichi,Tanaka,JP,,male,2002,chemistry,4,Shimadzu Corp.,Kyoto,Japan,Aug,61,43,Koichi Tanaka
Kurt,Wüthrich,CH,,male,2002,chemistry,2,Eidgenössische Technische Hochschule (Swiss Federal Institute of Technology),Zurich,Switzerland,Oct,82,64,Kurt Wüthrich
Daniel,Kahneman,IL,,male,2002,economics,2,Princeton University,Princeton NJ,USA,Mar,86,68,Daniel Kahneman
Vernon L.,Smith,US,,male,2002,economics,2,George Mason University,Fairfax VA,USA,Jan,93,75,Vernon L. Smith
Imre,Kertész,HU,HU,male,2002,literature,1,,,,Nov,87,73,Imre Kertész
Jimmy,Carter,US,,male,2002,peace,1,,,,Oct,96,78,Jimmy Carter
J. M.,Coetzee,ZA,,male,2003,literature,1,,,,Feb,80,63,J. M. Coetzee
Paul C.,Lauterbur,US,US,male,2003,medicine,2,University of Illinois,Urbana IL,USA,May,78,74,Paul C. Lauterbur
Sir Peter,Mansfield,GB,,male,2003,medicine,2,University of Nottingham School of Physics and Astronomy,Nottingham,United Kingdom,Oct,84,70,Sir Peter Mansfield
Alexei,Abrikosov,RU,,male,2003,physics,3,Argonne National Laboratory,Argonne IL,USA,Jun,89,75,Alexei Abrikosov
Vitaly L.,Ginzburg,RU,,male,2003,physics,3,P.N. Lebedev Physical Institute,Moscow,Russia,Oct,93,87,Vitaly L. Ginzburg
Anthony J.,Leggett,GB,,male,2003,physics,3,University of Illinois,Urbana IL,USA,Mar,82,65,Anthony J. Leggett
Peter,Agre,US,,male,2003,chemistry,2,Johns Hopkins University School of Medicine,Baltimore MD,USA,Jan,71,54,Peter Agre
Roderick,MacKinnon,US,,male,2003,chemistry,2,Rockefeller University,New York NY,USA,Feb,64,47,Roderick MacKinnon
Robert F.,Engle III,US,,male,2003,economics,2,New York University,New York NY,USA,Nov,78,61,Robert F. Engle III
Clive W.J.,Granger,GB,US,male,2003,economics,2,University of California,San Diego CA,USA,Sep,75,69,Clive W.J. Granger
Shirin,Ebadi,IR,,female,2003,peace,1,,,,Jun,73,56,Shirin Ebadi
Richard,Axel,US,,male,2004,medicine,2,Columbia University,New York NY,USA,Jul,74,58,Richard Axel
Linda B.,Buck,US,,female,2004,medicine,2,Fred Hutchinson Cancer Research Center,Seattle WA,USA,Jan,73,57,Linda B. Buck
David J.,Gross,US,,male,2004,physics,3,University of California Kavli Institute for Theoretical Physics,Santa Barbara CA,USA,Feb,79,63,David J. Gross
H. David,Politzer,US,,male,2004,physics,3,California Institute of Technology (Caltech),Pasadena CA,USA,Aug,71,55,H. David Politzer
Frank,Wilczek,US,,male,2004,physics,3,Massachusetts Institute of Technology (MIT),Cambridge MA,USA,May,69,53,Frank Wilczek
Aaron,Ciechanover,IL,,male,2004,chemistry,3,Technion - Israel Institute of Technology,Haifa,Israel,Oct,73,57,Aaron Ciechanover
Avram,Hershko,HU,,male,2004,chemistry,3,Technion - Israel Institute of Technology,Haifa,Israel,Dec,83,67,Avram Hershko
Irwin,Rose,US,US,male,2004,chemistry,3,University of California,Irvine CA,USA,Jul,89,78,Irwin Rose
Elfriede,Jelinek,AT,,female,2004,literature,1,,,,Oct,74,58,Elfriede Jelinek
Wangari,Maathai,KE,KE,female,2004,peace,1,,,,Apr,71,64,Wangari Maathai
Finn E.,Kydland,NO,,male,2004,economics,2,Carnegie Mellon University,Pittsburgh PA,USA,Dec,77,61,Finn E. Kydland
Edward C.,Prescott,US,,male,2004,economics,2,Arizona State University,Tempe AZ,USA,Dec,80,64,Edward C. Prescott
Barry J.,Marshall,AU,,male,2005,medicine,2,NHMRC Helicobacter pylori Research Laboratory QEII Medical Centre,Nedlands,Australia,Sep,69,54,Barry J. Marshall
J. Robin,Warren,AU,,male,2005,medicine,2,,,,Jun,83,68,J. Robin Warren
Roy J.,Glauber,US,US,male,2005,physics,2,Harvard University,Cambridge MA,USA,Sep,93,80,Roy J. Glauber
John L.,Hall,US,,male,2005,physics,4,University of Colorado JILA,Boulder CO,USA,Aug,86,71,John L. Hall
Theodor W.,Hänsch,DE,,male,2005,physics,4,Max-Planck-Institut für Quantenoptik,Garching,Germany,Oct,79,64,Theodor W. Hänsch
Yves,Chauvin,BE,FR,male,2005,chemistry,3,Institut Français du Pétrole,Rueil-Malmaison,France,Oct,85,75,Yves Chauvin
Robert H.,Grubbs,US,,male,2005,chemistry,3,California Institute of Technology (Caltech),Pasadena CA,USA,Feb,78,63,Robert H. Grubbs
Richard R.,Schrock,US,,male,2005,chemistry,3,Massachusetts Institute of Technology (MIT),Cambridge MA,USA,Jan,75,60,Richard R. Schrock
Mohamed,ElBaradei,EG,,male,2005,peace,2,,,,Jun,78,63,Mohamed ElBaradei
Robert J.,Aumann,DE,,male,2005,economics,2,University of Jerusalem Center for RationalityHebrew,Jerusalem,Israel,Jun,90,75,Robert J. Aumann
Thomas C.,Schelling,US,US,male,2005,economics,2,University of Maryland Department of Economics and School of Public Policy,College Park MD,USA,Apr,95,84,Thomas C. Schelling
Harold,Pinter,GB,GB,male,2005,literature,1,,,,Oct,78,75,Harold Pinter
Andrew Z.,Fire,US,,male,2006,medicine,2,Stanford University School of Medicine,Stanford CA,USA,Apr,61,47,Andrew Z. Fire
Craig C.,Mello,US,,male,2006,medicine,2,University of Massachusetts Medical School,Worcester MA,USA,Oct,60,46,Craig C. Mello
John C.,Mather,US,,male,2006,physics,2,NASA Goddard Space Flight Center,Greenbelt MD,USA,Aug,74,60,John C. Mather
George F.,Smoot,US,,male,2006,physics,2,University of California,Berkeley CA,USA,Feb,75,61,George F. Smoot
Roger D.,Kornberg,US,,male,2006,chemistry,1,Stanford University,Stanford CA,USA,Apr,73,59,Roger D. Kornberg
Edmund S.,Phelps,US,,male,2006,economics,1,Columbia University,New York NY,USA,Jul,87,73,Edmund S. Phelps
Orhan,Pamuk,TR,,male,2006,literature,1,,,,Jun,68,54,Orhan Pamuk
Muhammad,Yunus,BD,,male,2006,peace,2,,,,Jun,80,66,Muhammad Yunus
Mario R.,Capecchi,IT,,male,2007,medicine,3,University of Utah,Salt Lake City UT,USA,Oct,83,70,Mario R. Capecchi
Sir Martin J.,Evans,GB,,male,2007,medicine,3,Cardiff University,Cardiff,United Kingdom,Jan,79,66,Sir Martin J. Evans
Oliver,Smithies,GB,US,male,2007,medicine,3,University of North Carolina,Chapel Hill NC,USA,Jun,92,82,Oliver Smithies
Albert,Fert,FR,,male,2007,physics,2,Universit&eacute; Paris-Sud,Orsay,France,Mar,82,69,Albert Fert
Peter,Grünberg,CZ,DE,male,2007,physics,2,Forschungszentrum J&uuml;lich,Jülich,Germany,May,79,68,Peter Grünberg
Gerhard,Ertl,DE,,male,2007,chemistry,1,Fritz-Haber-Institut der Max-Planck-Gesellschaft,Berlin,Germany,Oct,84,71,Gerhard Ertl
Doris,Lessing,IR,GB,female,2007,literature,1,,,,Oct,94,88,Doris Lessing
Al,Gore,US,,male,2007,peace,2,,,,Mar,72,59,Al Gore
Leonid,Hurwicz,RU,US,male,2007,economics,3,University of Minnesota,Minneapolis MN,USA,Aug,91,90,Leonid Hurwicz
Eric S.,Maskin,US,,male,2007,economics,3,Institute for Advanced Study,Princeton NJ,USA,Dec,70,57,Eric S. Maskin
Roger B.,Myerson,US,,male,2007,economics,3,University of Chicago,Chicago IL,USA,Mar,69,56,Roger B. Myerson
Harald,zur Hausen,DE,,male,2008,medicine,2,German Cancer Research Center,Heidelberg,Germany,Mar,84,72,Harald zur Hausen
Françoise,Barré-Sinoussi,FR,,female,2008,medicine,4,Regulation of Retroviral Infections Unit Virology Department Institut Pasteur,Paris,France,Jul,73,61,Françoise Barré-Sinoussi
Luc,Montagnier,FR,,male,2008,medicine,4,World Foundation for AIDS Research and Prevention,Paris,France,Aug,88,76,Luc Montagnier
Yoichiro,Nambu,JP,JP,male,2008,physics,2,Enrico Fermi Institute University of Chicago,Chicago IL,USA,Jan,94,87,Yoichiro Nambu
Makoto,Kobayashi,JP,,male,2008,physics,4,High Energy Accelerator Research Organization (KEK),Tsukuba,Japan,Apr,76,64,Makoto Kobayashi
Toshihide,Maskawa,JP,,male,2008,physics,4,Kyoto Sangyo University,Kyoto,Japan,Feb,80,68,Toshihide Maskawa
Osamu,Shimomura,JP,JP,male,2008,chemistry,3,Marine Biological Laboratory (MBL),Woods Hole MA,USA,Aug,90,80,Osamu Shimomura
Martin,Chalfie,US,,male,2008,chemistry,3,Columbia University,New York NY,USA,Jan,73,61,Martin Chalfie
Roger Y.,Tsien,US,US,male,2008,chemistry,3,University of California,San Diego CA,USA,Feb,64,56,Roger Y. Tsien
Jean-Marie Gustave,Le Clézio,FR,,male,2008,literature,1,,,,Apr,80,68,Jean-Marie Gustave Le Clézio
Martti,Ahtisaari,FI,,male,2008,peace,1,,,,Jun,83,71,Martti Ahtisaari
Paul,Krugman,US,,male,2008,economics,1,Princeton University,Princeton NJ,USA,Feb,67,55,Paul Krugman
Elizabeth H.,Blackburn,AU,,female,2009,medicine,3,University of California,San Francisco CA,USA,Nov,72,61,Elizabeth H. Blackburn
Carol W.,Greider,US,,female,2009,medicine,3,Johns Hopkins University School of Medicine,Baltimore MD,USA,Apr,59,48,Carol W. Greider
Jack W.,Szostak,GB,,male,2009,medicine,3,Harvard Medical School,Boston MA,USA,Nov,68,57,Jack W. Szostak
Charles K.,Kao,CN,,male,2009,physics,2,Standard Telecommunication Laboratories,Harlow,United Kingdom,Nov,85,76,Charles K. Kao
Willard S.,Boyle,CA,CA,male,2009,physics,4,Bell Laboratories,Murray Hill NJ,USA,Aug,87,85,Willard S. Boyle
George E.,Smith,US,,male,2009,physics,4,Bell Laboratories,Murray Hill NJ,USA,May,90,79,George E. Smith
Venkatraman,Ramakrishnan,IN,,male,2009,chemistry,3,MRC Laboratory of Molecular Biology,Cambridge,United Kingdom,Apr,68,57,Venkatraman Ramakrishnan
Thomas A.,Steitz,US,US,male,2009,chemistry,3,Yale University,New Haven CT,USA,Aug,78,69,Thomas A. Steitz
Ada E.,Yonath,IL,,female,2009,chemistry,3,Weizmann Institute of Science,Rehovot,Israel,Jun,81,70,Ada E. Yonath
Herta,Müller,RO,,female,2009,literature,1,,,,Aug,67,56,Herta Müller
Barack,Obama,US,,male,2009,peace,1,,,,Aug,59,48,Barack Obama
Elinor,Ostrom,US,US,female,2009,economics,2,Indiana University,Bloomington IN,USA,Aug,79,76,Elinor Ostrom
Oliver E.,Williamson,US,,male,2009,economics,2,University of California,Berkeley CA,USA,Sep,88,77,Oliver E. Williamson
Robert G.,Edwards,GB,GB,male,2010,medicine,1,University of Cambridge,Cambridge,United Kingdom,Sep,88,85,Robert G. Edwards
Andre,Geim,RU,,male,2010,physics,2,University of Manchester,Manchester,United Kingdom,Oct,62,52,Andre Geim
Konstantin,Novoselov,RU,,male,2010,physics,2,University of Manchester,Manchester,United Kingdom,Aug,46,36,Konstantin Novoselov
Richard F.,Heck,US,PH,male,2010,chemistry,3,University of Delaware,,USA,Aug,84,79,Richard F. Heck
Ei-ichi,Negishi,CN,,male,2010,chemistry,3,Purdue University,West Lafayette IN,USA,Jul,85,75,Ei-ichi Negishi
Akira,Suzuki,JP,,male,2010,chemistry,3,Hokkaido University,Sapporo,Japan,Sep,90,80,Akira Suzuki
Mario,Vargas Llosa,PE,,male,2010,literature,1,,,,Mar,84,74,Mario Vargas Llosa
Xiaobo,Liu,CN,CN,male,2010,peace,1,,,,Dec,62,55,Xiaobo Liu
Peter A.,Diamond,US,,male,2010,economics,3,Massachusetts Institute of Technology (MIT),Cambridge MA,USA,Apr,80,70,Peter A. Diamond
Dale T.,Mortensen,US,US,male,2010,economics,3,Northwestern University,Evanston IL,USA,Feb,75,71,Dale T. Mortensen
Christopher A.,Pissarides,CY,,male,2010,economics,3,London School of Economics and Political Science,London,United Kingdom,Feb,72,62,Christopher A. Pissarides
Bruce A.,Beutler,US,,male,2011,medicine,4,University of Texas Southwestern Medical Center at Dallas,Dallas TX,USA,Dec,63,54,Bruce A. Beutler
Jules A.,Hoffmann,LU,,male,2011,medicine,4,University of Strasbourg,Strasbourg,France,Aug,79,70,Jules A. Hoffmann
Ralph M.,Steinman,CA,,male,2011,medicine,2,Rockefeller University,New York NY,USA,Jan,68,68,Ralph M. Steinman
Saul,Perlmutter,US,,male,2011,physics,2,Lawrence Berkeley National Laboratory,Berkeley CA,USA,Sep,61,52,Saul Perlmutter
Brian P.,Schmidt,US,,male,2011,physics,4,Australian National University,Weston Creek,Australia,Feb,53,44,Brian P. Schmidt
Adam G.,Riess,US,,male,2011,physics,4,Johns Hopkins University,Baltimore MD,USA,Dec,51,42,Adam G. Riess
Dan,Shechtman,IL,,male,2011,chemistry,1,Technion - Israel Institute of Technology,Haifa,Israel,Jan,79,70,Dan Shechtman
Tomas,Tranströmer,SE,SE,male,2011,literature,1,,,,Apr,84,80,Tomas Tranströmer
Ellen,Johnson Sirleaf,LR,,female,2011,peace,3,,,,Oct,82,73,Ellen Johnson Sirleaf
Leymah,Gbowee,LR,,female,2011,peace,3,,,,Feb,48,39,Leymah Gbowee
Tawakkol,Karman,YE,,female,2011,peace,3,,,,Feb,41,32,Tawakkol Karman
Thomas J.,Sargent,US,,male,2011,economics,2,New York University,New York NY,USA,Jul,77,68,Thomas J. Sargent
Christopher A.,Sims,US,,male,2011,economics,2,Princeton University,Princeton NJ,USA,Oct,78,69,Christopher A. Sims
Sir John B.,Gurdon,GB,,male,2012,medicine,2,Gurdon Institute,Cambridge,United Kingdom,Oct,87,79,Sir John B. Gurdon
Shinya,Yamanaka,JP,,male,2012,medicine,2,Kyoto University,Kyoto,Japan,Sep,58,50,Shinya Yamanaka
Serge,Haroche,MA,,male,2012,physics,2,Collège de France,Paris,France,Sep,76,68,Serge Haroche
David J.,Wineland,US,,male,2012,physics,2,National Institute of Standards and Technology,Boulder CO,USA,Feb,76,68,David J. Wineland
Robert J.,Lefkowitz,US,,male,2012,chemistry,2,Howard Hughes Medical Institute,,,Apr,77,69,Robert J. Lefkowitz
Brian,Kobilka,US,,male,2012,chemistry,2,Stanford University School of Medicine,Stanford CA,USA,May,65,57,Brian Kobilka
Mo,Yan,CN,,male,2012,literature,1,,,,Feb,65,57,Mo Yan
Alvin E.,Roth,US,,male,2012,economics,2,Harvard University,Cambridge MA,USA,Dec,69,61,Alvin E. Roth
Lloyd S.,Shapley,US,US,male,2012,economics,2,University of California,Los Angeles CA,USA,Jun,93,89,Lloyd S. Shapley
James E.,Rothman,US,,male,2013,medicine,3,Yale University,New Haven CT,USA,Nov,70,63,James E. Rothman
Randy W.,Schekman,US,,male,2013,medicine,3,University of California,Berkeley CA,USA,Dec,72,65,Randy W. Schekman
Thomas C.,Südhof,DE,,male,2013,medicine,3,Stanford University,Stanford CA,USA,Dec,65,58,Thomas C. Südhof
François,Englert,BE,,male,2013,physics,2,Université Libre de Bruxelles,Brussels,Belgium,Nov,88,81,François Englert
Peter,Higgs,GB,,male,2013,physics,2,University of Edinburgh,Edinburgh,United Kingdom,May,91,84,Peter Higgs
Martin,Karplus,AT,,male,2013,chemistry,3,Université de Strasbourg,Strasbourg,France,Mar,90,83,Martin Karplus
Michael,Levitt,ZA,,male,2013,chemistry,3,Stanford University School of Medicine,Stanford CA,USA,May,73,66,Michael Levitt
Arieh,Warshel,IL,,male,2013,chemistry,3,University of Southern California,Los Angeles CA,USA,Nov,80,73,Arieh Warshel
Alice,Munro,CA,,female,2013,literature,1,,,,Jul,89,82,Alice Munro
Eugene F.,Fama,US,,male,2013,economics,3,University of Chicago,Chicago IL,USA,Feb,81,74,Eugene F. Fama
Lars Peter,Hansen,US,,male,2013,economics,3,University of Chicago,Chicago IL,USA,Oct,68,61,Lars Peter Hansen
Robert J.,Shiller,US,,male,2013,economics,3,Yale University,New Haven CT,USA,Mar,74,67,Robert J. Shiller
John,O'Keefe,US,,male,2014,medicine,2,University College,London,United Kingdom,Nov,81,75,John O'Keefe
May-Britt,Moser,NO,,female,2014,medicine,4,Norwegian University of Science and Technology (NTNU),Trondheim,Norway,Jan,57,51,May-Britt Moser
Edvard I.,Moser,NO,,male,2014,medicine,4,Norwegian University of Science and Technology (NTNU),Trondheim,Norway,Apr,58,52,Edvard I. Moser
Isamu,Akasaki,JP,,male,2014,physics,3,Meijo University,Nagoya,Japan,Jan,91,85,Isamu Akasaki
Hiroshi,Amano,JP,,male,2014,physics,3,Nagoya University,Nagoya,Japan,Sep,60,54,Hiroshi Amano
Shuji,Nakamura,JP,,male,2014,physics,3,University of California,Santa Barbara CA,USA,May,66,60,Shuji Nakamura
Eric,Betzig,US,,male,2014,chemistry,3,Janelia Research Campus Howard Hughes Medical Institute,Ashburn VA,USA,Jan,60,54,Eric Betzig
Stefan W.,Hell,RO,,male,2014,chemistry,3,Max Planck Institute for Biophysical Chemistry,Göttingen,Germany,Dec,58,52,Stefan W. Hell
William E.,Moerner,US,,male,2014,chemistry,3,Stanford University,Stanford CA,USA,Jun,67,61,William E. Moerner
Patrick,Modiano,FR,,male,2014,literature,1,,,,Jul,75,69,Patrick Modiano
Kailash,Satyarthi,IN,,male,2014,peace,2,,,,Jan,66,60,Kailash Satyarthi
Malala,Yousafzai,PK,,female,2014,peace,2,,,,Jul,23,17,Malala Yousafzai
Jean,Tirole,FR,,male,2014,economics,1,Toulouse School of Economics (TSE),Toulouse,France,Aug,67,61,Jean Tirole
William C.,Campbell,IE,,male,2015,medicine,4,Drew University,Madison NJ,USA,Jun,90,85,William C. Campbell
Satoshi,&#332;mura,JP,,male,2015,medicine,4,Kitasato University,Tokyo,Japan,Jul,85,80,Satoshi &#332;mura
Youyou,Tu,CN,,female,2015,medicine,2,China Academy of Traditional Chinese Medicine,Beijing,China,Dec,90,85,Youyou Tu
Takaaki,Kajita,JP,,male,2015,physics,2,University of Tokyo,Kashiwa,Japan,Mar,61,56,Takaaki Kajita
Arthur B.,McDonald,CA,,male,2015,physics,2,Queen's University,Kingston,Canada,Aug,77,72,Arthur B. McDonald
Tomas,Lindahl,SE,,male,2015,chemistry,3,Francis Crick Institute,Hertfordshire,United Kingdom,Jan,82,77,Tomas Lindahl
Paul,Modrich,US,,male,2015,chemistry,3,Howard Hughes Medical Institute,Durham NC,USA,Jun,74,69,Paul Modrich
Aziz,Sancar,TR,,male,2015,chemistry,3,University of North Carolina,Chapel Hill NC,USA,Sep,74,69,Aziz Sancar
Svetlana,Alexievich,UA,,female,2015,literature,1,,,,May,72,67,Svetlana Alexievich
Angus,Deaton,GB,,male,2015,economics,1,Princeton University,Princeton NJ,USA,Oct,75,70,Angus Deaton
Yoshinori,Ohsumi,JP,,male,2016,medicine,1,Tokyo Institute of Technology,Tokyo,Japan,Feb,75,71,Yoshinori Ohsumi
David J.,Thouless,GB,GB,male,2016,physics,2,University of Washington,Seattle WA,USA,Sep,85,82,David J. Thouless
F. Duncan M.,Haldane,GB,,male,2016,physics,4,Princeton University,Princeton NJ,USA,Sep,69,65,F. Duncan M. Haldane
J. Michael,Kosterlitz,GB,,male,2016,physics,4,Brown University,Providence RI,USA,Jun,77,73,J. Michael Kosterlitz
Jean-Pierre,Sauvage,FR,,male,2016,chemistry,3,University of Strasbourg,Strasbourg,France,Oct,76,72,Jean-Pierre Sauvage
Sir J. Fraser,Stoddart,GB,,male,2016,chemistry,3,Northwestern University,Evanston IL,USA,May,78,74,Sir J. Fraser Stoddart
Bernard L.,Feringa,NL,,male,2016,chemistry,3,University of Groningen,Groningen,the Netherlands,May,69,65,Bernard L. Feringa
Juan Manuel,Santos,CO,,male,2016,peace,1,,,,Aug,69,65,Juan Manuel Santos
Oliver,Hart,GB,,male,2016,economics,2,Harvard University,Cambridge MA,USA,Oct,72,68,Oliver Hart
Bengt,Holmström,FI,,male,2016,economics,2,Massachusetts Institute of Technology (MIT),Cambridge MA,USA,Apr,71,67,Bengt Holmström
Bob,Dylan,US,,male,2016,literature,1,,,,May,79,75,Bob Dylan
Jeffrey C.,Hall,US,,male,2017,medicine,3,University of Maine,Maine ME,USA,May,75,72,Jeffrey C. Hall
Michael,Rosbash,US,,male,2017,medicine,3,Brandeis University,Waltham MA,USA,Mar,76,73,Michael Rosbash
Michael W.,Young,US,,male,2017,medicine,3,Rockefeller University,New York NY,USA,Mar,71,68,Michael W. Young
Rainer,Weiss,DE,,male,2017,physics,2,LIGO/VIRGO Collaboration,,,Sep,88,85,Rainer Weiss
Barry C.,Barish,US,,male,2017,physics,4,LIGO/VIRGO Collaboration,,,Jan,84,81,Barry C. Barish
Kip S.,Thorne,US,,male,2017,physics,4,LIGO/VIRGO Collaboration,,,Jun,80,77,Kip S. Thorne
Jacques,Dubochet,CH,,male,2017,chemistry,3,University of Lausanne,Lausanne,Switzerland,Jun,78,75,Jacques Dubochet
Joachim,Frank,DE,,male,2017,chemistry,3,Columbia University,New York NY,USA,Sep,80,77,Joachim Frank
Richard,Henderson,GB,,male,2017,chemistry,3,MRC Laboratory of Molecular Biology,Cambridge,United Kingdom,Jul,75,72,Richard Henderson
Kazuo,Ishiguro,JP,,male,2017,literature,1,,,,Nov,66,63,Kazuo Ishiguro
Richard H.,Thaler,US,,male,2017,economics,1,University of Chicago,Chicago IL,USA,Sep,75,72,Richard H. Thaler
James P.,Allison,US,,male,2018,medicine,2,Parker Institute for Cancer Immunotherapy,San Francisco CA,USA,Aug,72,70,James P. Allison
Tasuku,Honjo,JP,,male,2018,medicine,2,Kyoto University,Kyoto,Japan,Jan,78,76,Tasuku Honjo
Arthur,Ashkin,US,,male,2018,physics,2,Bell Laboratories,Holmdel NJ,USA,Sep,98,96,Arthur Ashkin
Gérard,Mourou,FR,,male,2018,physics,4,École Polytechnique,Palaiseau,France,Jun,76,74,Gérard Mourou
Donna,Strickland,CA,,female,2018,physics,4,University of Waterloo,Waterloo,Canada,May,61,59,Donna Strickland
Frances H.,Arnold,US,,female,2018,chemistry,2,California Institute of Technology (Caltech),Pasadena CA,USA,Jul,64,62,Frances H. Arnold
George P.,Smith,US,,male,2018,chemistry,4,University of Missouri,Columbia,USA,Mar,79,77,George P. Smith
Sir Gregory P.,Winter,GB,,male,2018,chemistry,4,MRC Laboratory of Molecular Biology,Cambridge,United Kingdom,Apr,69,67,Sir Gregory P. Winter
Denis,Mukwege,CD,,male,2018,peace,2,,,,Mar,65,63,Denis Mukwege
Nadia,Murad,IQ,,female,2018,peace,2,,,,Jan,27,25,Nadia Murad
William D.,Nordhaus,US,,male,2018,economics,2,Yale University,New Haven CT,USA,May,79,77,William D. Nordhaus
Paul M.,Romer,US,,male,2018,economics,2,NYU Stern School of Business,New York NY,USA,Nov,65,63,Paul M. Romer
William,Kaelin,US,,male,2019,medicine,3,Harvard Medical School,Boston MA,USA,Nov,63,62,William Kaelin
Peter,Ratcliffe,GB,,male,2019,medicine,3,University of Oxford,Oxford,United Kingdom,May,66,65,Peter Ratcliffe
Gregg,Semenza,US,,male,2019,medicine,3,Johns Hopkins University,Baltimore MD,USA,Jul,64,63,Gregg Semenza
James,Peebles,CA,,male,2019,physics,2,Princeton University,Princeton NJ,USA,Apr,85,84,James Peebles
Michel,Mayor,CH,,male,2019,physics,4,University of Geneva,Geneva,Switzerland,Jan,78,77,Michel Mayor
Didier,Queloz,CH,,male,2019,physics,4,University of Geneva,Geneva,Switzerland,Feb,54,53,Didier Queloz
John,Goodenough,DE,,male,2019,chemistry,3,University of Texas,Austin TX,USA,Jul,98,97,John Goodenough
M. Stanley,Whittingham,GB,,male,2019,chemistry,3,Binghamton University State University of New York,New York NY,USA,Dec,79,78,M. Stanley Whittingham
Akira,Yoshino,JP,,male,2019,chemistry,3,Asahi Kasei Corporation,Tokyo,Japan,Jan,72,71,Akira Yoshino
Olga,Tokarczuk,PL,,female,2018,literature,1,,,,Jan,58,56,Olga Tokarczuk
Peter,Handke,AT,,male,2019,literature,1,,,,Dec,78,77,Peter Handke
Abiy,Ahmed Ali,ET,,male,2019,peace,1,,,,Aug,44,43,Abiy Ahmed Ali
Abhijit,Banerjee,IN,,male,2019,economics,3,Massachusetts Institute of Technology (MIT),Cambridge MA,USA,Feb,59,58,Abhijit Banerjee
Esther,Duflo,FR,,female,2019,economics,3,Massachusetts Institute of Technology (MIT),Cambridge MA,USA,Oct,48,47,Esther Duflo
Michael,Kremer,US,,male,2019,economics,3,Harvard University,Cambridge MA,USA,Nov,56,55,Michael Kremer
